country,geo,year,debt_raw,unit,dataset_label,source,updated
BEL,BE,1995,131.5,PC_GDP,"Government deficit/surplus, debt and associated data",ESTAT,2026-04-22T11:00:00+0200
BEL,BE,1996,129.2,PC_GDP,"Government deficit/surplus, debt and associated data",ESTAT,2026-04-22T11:00:00+0200
BEL,BE,1997,124.3,PC_GDP,"Government deficit/surplus, debt and associated data",ESTAT,2026-04-22T11:00:00+0200
BEL,BE,1998,119.3,PC_GDP,"Government deficit/surplus, debt and associated data",ESTAT,2026-04-22T11:00:00+0200
BEL,BE,1999,115.4,PC_GDP,"Government deficit/surplus, debt and associated data",ESTAT,2026-04-22T11:00:00+0200
BEL,BE,2000,109.7,PC_GDP,"Government deficit/surplus, debt and associated data",ESTAT,2026-04-22T11:00:00+0200
BEL,BE,2001,108.5,PC_GDP,"Government deficit/surplus, debt and associated data",ESTAT,2026-04-22T11:00:00+0200
BEL,BE,2002,105.6,PC_GDP,"Government deficit/surplus, debt and associated data",ESTAT,2026-04-22T11:00:00+0200
BEL,BE,2003,101.8,PC_GDP,"Government deficit/surplus, debt and associated data",ESTAT,2026-04-22T11:00:00+0200
BEL,BE,2004,97.2,PC_GDP,"Government deficit/surplus, debt and associated data",ESTAT,2026-04-22T11:00:00+0200
BEL,BE,2005,95.2,PC_GDP,"Government deficit/surplus, debt and associated data",ESTAT,2026-04-22T11:00:00+0200
BEL,BE,2006,91.5,PC_GDP,"Government deficit/surplus, debt and associated data",ESTAT,2026-04-22T11:00:00+0200
BEL,BE,2007,87.5,PC_GDP,"Government deficit/surplus, debt and associated data",ESTAT,2026-04-22T11:00:00+0200
BEL,BE,2008,93.2,PC_GDP,"Government deficit/surplus, debt and associated data",ESTAT,2026-04-22T11:00:00+0200
BEL,BE,2009,99.9,PC_GDP,"Government deficit/surplus, debt and associated data",ESTAT,2026-04-22T11:00:00+0200
BEL,BE,2010,100.3,PC_GDP,"Government deficit/surplus, debt and associated data",ESTAT,2026-04-22T11:00:00+0200
BEL,BE,2011,102.8,PC_GDP,"Government deficit/surplus, debt and associated data",ESTAT,2026-04-22T11:00:00+0200
BEL,BE,2012,104.4,PC_GDP,"Government deficit/surplus, debt and associated data",ESTAT,2026-04-22T11:00:00+0200
BEL,BE,2013,105.1,PC_GDP,"Government deficit/surplus, debt and associated data",ESTAT,2026-04-22T11:00:00+0200
BEL,BE,2014,106.6,PC_GDP,"Government deficit/surplus, debt and associated data",ESTAT,2026-04-22T11:00:00+0200
BEL,BE,2015,105.7,PC_GDP,"Government deficit/surplus, debt and associated data",ESTAT,2026-04-22T11:00:00+0200
BEL,BE,2016,105.8,PC_GDP,"Government deficit/surplus, debt and associated data",ESTAT,2026-04-22T11:00:00+0200
BEL,BE,2017,102.6,PC_GDP,"Government deficit/surplus, debt and associated data",ESTAT,2026-04-22T11:00:00+0200
BEL,BE,2018,100.2,PC_GDP,"Government deficit/surplus, debt and associated data",ESTAT,2026-04-22T11:00:00+0200
BEL,BE,2019,97.7,PC_GDP,"Government deficit/surplus, debt and associated data",ESTAT,2026-04-22T11:00:00+0200
BEL,BE,2020,111.4,PC_GDP,"Government deficit/surplus, debt and associated data",ESTAT,2026-04-22T11:00:00+0200
BEL,BE,2021,108.7,PC_GDP,"Government deficit/surplus, debt and associated data",ESTAT,2026-04-22T11:00:00+0200
BEL,BE,2022,103.3,PC_GDP,"Government deficit/surplus, debt and associated data",ESTAT,2026-04-22T11:00:00+0200
BEL,BE,2023,102.5,PC_GDP,"Government deficit/surplus, debt and associated data",ESTAT,2026-04-22T11:00:00+0200
BEL,BE,2024,103.9,PC_GDP,"Government deficit/surplus, debt and associated data",ESTAT,2026-04-22T11:00:00+0200
BEL,BE,2025,107.9,PC_GDP,"Government deficit/surplus, debt and associated data",ESTAT,2026-04-22T11:00:00+0200
BGR,BG,1995,76.8,PC_GDP,"Government deficit/surplus, debt and associated data",ESTAT,2026-04-22T11:00:00+0200
BGR,BG,1996,244.5,PC_GDP,"Government deficit/surplus, debt and associated data",ESTAT,2026-04-22T11:00:00+0200
BGR,BG,1997,96.7,PC_GDP,"Government deficit/surplus, debt and associated data",ESTAT,2026-04-22T11:00:00+0200
BGR,BG,1998,66.7,PC_GDP,"Government deficit/surplus, debt and associated data",ESTAT,2026-04-22T11:00:00+0200
BGR,BG,1999,75.8,PC_GDP,"Government deficit/surplus, debt and associated data",ESTAT,2026-04-22T11:00:00+0200
BGR,BG,2000,70.7,PC_GDP,"Government deficit/surplus, debt and associated data",ESTAT,2026-04-22T11:00:00+0200
BGR,BG,2001,64.5,PC_GDP,"Government deficit/surplus, debt and associated data",ESTAT,2026-04-22T11:00:00+0200
BGR,BG,2002,51.0,PC_GDP,"Government deficit/surplus, debt and associated data",ESTAT,2026-04-22T11:00:00+0200
BGR,BG,2003,43.4,PC_GDP,"Government deficit/surplus, debt and associated data",ESTAT,2026-04-22T11:00:00+0200
BGR,BG,2004,35.7,PC_GDP,"Government deficit/surplus, debt and associated data",ESTAT,2026-04-22T11:00:00+0200
BGR,BG,2005,26.6,PC_GDP,"Government deficit/surplus, debt and associated data",ESTAT,2026-04-22T11:00:00+0200
BGR,BG,2006,20.9,PC_GDP,"Government deficit/surplus, debt and associated data",ESTAT,2026-04-22T11:00:00+0200
BGR,BG,2007,16.3,PC_GDP,"Government deficit/surplus, debt and associated data",ESTAT,2026-04-22T11:00:00+0200
BGR,BG,2008,13.0,PC_GDP,"Government deficit/surplus, debt and associated data",ESTAT,2026-04-22T11:00:00+0200
BGR,BG,2009,13.7,PC_GDP,"Government deficit/surplus, debt and associated data",ESTAT,2026-04-22T11:00:00+0200
BGR,BG,2010,15.3,PC_GDP,"Government deficit/surplus, debt and associated data",ESTAT,2026-04-22T11:00:00+0200
BGR,BG,2011,15.2,PC_GDP,"Government deficit/surplus, debt and associated data",ESTAT,2026-04-22T11:00:00+0200
BGR,BG,2012,16.6,PC_GDP,"Government deficit/surplus, debt and associated data",ESTAT,2026-04-22T11:00:00+0200
BGR,BG,2013,17.0,PC_GDP,"Government deficit/surplus, debt and associated data",ESTAT,2026-04-22T11:00:00+0200
BGR,BG,2014,27.0,PC_GDP,"Government deficit/surplus, debt and associated data",ESTAT,2026-04-22T11:00:00+0200
BGR,BG,2015,25.9,PC_GDP,"Government deficit/surplus, debt and associated data",ESTAT,2026-04-22T11:00:00+0200
BGR,BG,2016,29.1,PC_GDP,"Government deficit/surplus, debt and associated data",ESTAT,2026-04-22T11:00:00+0200
BGR,BG,2017,25.1,PC_GDP,"Government deficit/surplus, debt and associated data",ESTAT,2026-04-22T11:00:00+0200
BGR,BG,2018,22.2,PC_GDP,"Government deficit/surplus, debt and associated data",ESTAT,2026-04-22T11:00:00+0200
BGR,BG,2019,20.1,PC_GDP,"Government deficit/surplus, debt and associated data",ESTAT,2026-04-22T11:00:00+0200
BGR,BG,2020,24.5,PC_GDP,"Government deficit/surplus, debt and associated data",ESTAT,2026-04-22T11:00:00+0200
BGR,BG,2021,23.8,PC_GDP,"Government deficit/surplus, debt and associated data",ESTAT,2026-04-22T11:00:00+0200
BGR,BG,2022,22.5,PC_GDP,"Government deficit/surplus, debt and associated data",ESTAT,2026-04-22T11:00:00+0200
BGR,BG,2023,22.9,PC_GDP,"Government deficit/surplus, debt and associated data",ESTAT,2026-04-22T11:00:00+0200
BGR,BG,2024,23.8,PC_GDP,"Government deficit/surplus, debt and associated data",ESTAT,2026-04-22T11:00:00+0200
BGR,BG,2025,29.9,PC_GDP,"Government deficit/surplus, debt and associated data",ESTAT,2026-04-22T11:00:00+0200
CZE,CZ,1995,13.5,PC_GDP,"Government deficit/surplus, debt and associated data",ESTAT,2026-04-22T11:00:00+0200
CZE,CZ,1996,11.5,PC_GDP,"Government deficit/surplus, debt and associated data",ESTAT,2026-04-22T11:00:00+0200
CZE,CZ,1997,12.1,PC_GDP,"Government deficit/surplus, debt and associated data",ESTAT,2026-04-22T11:00:00+0200
CZE,CZ,1998,13.9,PC_GDP,"Government deficit/surplus, debt and associated data",ESTAT,2026-04-22T11:00:00+0200
CZE,CZ,1999,15.1,PC_GDP,"Government deficit/surplus, debt and associated data",ESTAT,2026-04-22T11:00:00+0200
CZE,CZ,2000,16.9,PC_GDP,"Government deficit/surplus, debt and associated data",ESTAT,2026-04-22T11:00:00+0200
CZE,CZ,2001,22.6,PC_GDP,"Government deficit/surplus, debt and associated data",ESTAT,2026-04-22T11:00:00+0200
CZE,CZ,2002,25.7,PC_GDP,"Government deficit/surplus, debt and associated data",ESTAT,2026-04-22T11:00:00+0200
CZE,CZ,2003,28.1,PC_GDP,"Government deficit/surplus, debt and associated data",ESTAT,2026-04-22T11:00:00+0200
CZE,CZ,2004,28.3,PC_GDP,"Government deficit/surplus, debt and associated data",ESTAT,2026-04-22T11:00:00+0200
CZE,CZ,2005,27.7,PC_GDP,"Government deficit/surplus, debt and associated data",ESTAT,2026-04-22T11:00:00+0200
CZE,CZ,2006,27.6,PC_GDP,"Government deficit/surplus, debt and associated data",ESTAT,2026-04-22T11:00:00+0200
CZE,CZ,2007,27.3,PC_GDP,"Government deficit/surplus, debt and associated data",ESTAT,2026-04-22T11:00:00+0200
CZE,CZ,2008,28.2,PC_GDP,"Government deficit/surplus, debt and associated data",ESTAT,2026-04-22T11:00:00+0200
CZE,CZ,2009,33.4,PC_GDP,"Government deficit/surplus, debt and associated data",ESTAT,2026-04-22T11:00:00+0200
CZE,CZ,2010,36.7,PC_GDP,"Government deficit/surplus, debt and associated data",ESTAT,2026-04-22T11:00:00+0200
CZE,CZ,2011,39.4,PC_GDP,"Government deficit/surplus, debt and associated data",ESTAT,2026-04-22T11:00:00+0200
CZE,CZ,2012,43.8,PC_GDP,"Government deficit/surplus, debt and associated data",ESTAT,2026-04-22T11:00:00+0200
CZE,CZ,2013,44.1,PC_GDP,"Government deficit/surplus, debt and associated data",ESTAT,2026-04-22T11:00:00+0200
CZE,CZ,2014,41.5,PC_GDP,"Government deficit/surplus, debt and associated data",ESTAT,2026-04-22T11:00:00+0200
CZE,CZ,2015,39.5,PC_GDP,"Government deficit/surplus, debt and associated data",ESTAT,2026-04-22T11:00:00+0200
CZE,CZ,2016,36.2,PC_GDP,"Government deficit/surplus, debt and associated data",ESTAT,2026-04-22T11:00:00+0200
CZE,CZ,2017,33.8,PC_GDP,"Government deficit/surplus, debt and associated data",ESTAT,2026-04-22T11:00:00+0200
CZE,CZ,2018,31.7,PC_GDP,"Government deficit/surplus, debt and associated data",ESTAT,2026-04-22T11:00:00+0200
CZE,CZ,2019,29.6,PC_GDP,"Government deficit/surplus, debt and associated data",ESTAT,2026-04-22T11:00:00+0200
CZE,CZ,2020,36.9,PC_GDP,"Government deficit/surplus, debt and associated data",ESTAT,2026-04-22T11:00:00+0200
CZE,CZ,2021,40.7,PC_GDP,"Government deficit/surplus, debt and associated data",ESTAT,2026-04-22T11:00:00+0200
CZE,CZ,2022,42.5,PC_GDP,"Government deficit/surplus, debt and associated data",ESTAT,2026-04-22T11:00:00+0200
CZE,CZ,2023,42.2,PC_GDP,"Government deficit/surplus, debt and associated data",ESTAT,2026-04-22T11:00:00+0200
CZE,CZ,2024,43.3,PC_GDP,"Government deficit/surplus, debt and associated data",ESTAT,2026-04-22T11:00:00+0200
CZE,CZ,2025,44.3,PC_GDP,"Government deficit/surplus, debt and associated data",ESTAT,2026-04-22T11:00:00+0200
DNK,DK,2000,53.6,PC_GDP,"Government deficit/surplus, debt and associated data",ESTAT,2026-04-22T11:00:00+0200
DNK,DK,2001,50.1,PC_GDP,"Government deficit/surplus, debt and associated data",ESTAT,2026-04-22T11:00:00+0200
DNK,DK,2002,50.3,PC_GDP,"Government deficit/surplus, debt and associated data",ESTAT,2026-04-22T11:00:00+0200
DNK,DK,2003,48.2,PC_GDP,"Government deficit/surplus, debt and associated data",ESTAT,2026-04-22T11:00:00+0200
DNK,DK,2004,46.2,PC_GDP,"Government deficit/surplus, debt and associated data",ESTAT,2026-04-22T11:00:00+0200
DNK,DK,2005,39.4,PC_GDP,"Government deficit/surplus, debt and associated data",ESTAT,2026-04-22T11:00:00+0200
DNK,DK,2006,33.2,PC_GDP,"Government deficit/surplus, debt and associated data",ESTAT,2026-04-22T11:00:00+0200
DNK,DK,2007,29.5,PC_GDP,"Government deficit/surplus, debt and associated data",ESTAT,2026-04-22T11:00:00+0200
DNK,DK,2008,35.5,PC_GDP,"Government deficit/surplus, debt and associated data",ESTAT,2026-04-22T11:00:00+0200
DNK,DK,2009,43.0,PC_GDP,"Government deficit/surplus, debt and associated data",ESTAT,2026-04-22T11:00:00+0200
DNK,DK,2010,46.1,PC_GDP,"Government deficit/surplus, debt and associated data",ESTAT,2026-04-22T11:00:00+0200
DNK,DK,2011,50.0,PC_GDP,"Government deficit/surplus, debt and associated data",ESTAT,2026-04-22T11:00:00+0200
DNK,DK,2012,48.7,PC_GDP,"Government deficit/surplus, debt and associated data",ESTAT,2026-04-22T11:00:00+0200
DNK,DK,2013,47.8,PC_GDP,"Government deficit/surplus, debt and associated data",ESTAT,2026-04-22T11:00:00+0200
DNK,DK,2014,48.7,PC_GDP,"Government deficit/surplus, debt and associated data",ESTAT,2026-04-22T11:00:00+0200
DNK,DK,2015,44.6,PC_GDP,"Government deficit/surplus, debt and associated data",ESTAT,2026-04-22T11:00:00+0200
DNK,DK,2016,41.7,PC_GDP,"Government deficit/surplus, debt and associated data",ESTAT,2026-04-22T11:00:00+0200
DNK,DK,2017,40.2,PC_GDP,"Government deficit/surplus, debt and associated data",ESTAT,2026-04-22T11:00:00+0200
DNK,DK,2018,38.5,PC_GDP,"Government deficit/surplus, debt and associated data",ESTAT,2026-04-22T11:00:00+0200
DNK,DK,2019,38.3,PC_GDP,"Government deficit/surplus, debt and associated data",ESTAT,2026-04-22T11:00:00+0200
DNK,DK,2020,45.2,PC_GDP,"Government deficit/surplus, debt and associated data",ESTAT,2026-04-22T11:00:00+0200
DNK,DK,2021,39.6,PC_GDP,"Government deficit/surplus, debt and associated data",ESTAT,2026-04-22T11:00:00+0200
DNK,DK,2022,33.3,PC_GDP,"Government deficit/surplus, debt and associated data",ESTAT,2026-04-22T11:00:00+0200
DNK,DK,2023,33.0,PC_GDP,"Government deficit/surplus, debt and associated data",ESTAT,2026-04-22T11:00:00+0200
DNK,DK,2024,30.5,PC_GDP,"Government deficit/surplus, debt and associated data",ESTAT,2026-04-22T11:00:00+0200
DNK,DK,2025,27.9,PC_GDP,"Government deficit/surplus, debt and associated data",ESTAT,2026-04-22T11:00:00+0200
DEU,DE,1995,54.9,PC_GDP,"Government deficit/surplus, debt and associated data",ESTAT,2026-04-22T11:00:00+0200
DEU,DE,1996,57.7,PC_GDP,"Government deficit/surplus, debt and associated data",ESTAT,2026-04-22T11:00:00+0200
DEU,DE,1997,58.8,PC_GDP,"Government deficit/surplus, debt and associated data",ESTAT,2026-04-22T11:00:00+0200
DEU,DE,1998,59.4,PC_GDP,"Government deficit/surplus, debt and associated data",ESTAT,2026-04-22T11:00:00+0200
DEU,DE,1999,60.3,PC_GDP,"Government deficit/surplus, debt and associated data",ESTAT,2026-04-22T11:00:00+0200
DEU,DE,2000,59.2,PC_GDP,"Government deficit/surplus, debt and associated data",ESTAT,2026-04-22T11:00:00+0200
DEU,DE,2001,58.1,PC_GDP,"Government deficit/surplus, debt and associated data",ESTAT,2026-04-22T11:00:00+0200
DEU,DE,2002,59.8,PC_GDP,"Government deficit/surplus, debt and associated data",ESTAT,2026-04-22T11:00:00+0200
DEU,DE,2003,63.3,PC_GDP,"Government deficit/surplus, debt and associated data",ESTAT,2026-04-22T11:00:00+0200
DEU,DE,2004,65.0,PC_GDP,"Government deficit/surplus, debt and associated data",ESTAT,2026-04-22T11:00:00+0200
DEU,DE,2005,67.1,PC_GDP,"Government deficit/surplus, debt and associated data",ESTAT,2026-04-22T11:00:00+0200
DEU,DE,2006,66.4,PC_GDP,"Government deficit/surplus, debt and associated data",ESTAT,2026-04-22T11:00:00+0200
DEU,DE,2007,63.7,PC_GDP,"Government deficit/surplus, debt and associated data",ESTAT,2026-04-22T11:00:00+0200
DEU,DE,2008,65.2,PC_GDP,"Government deficit/surplus, debt and associated data",ESTAT,2026-04-22T11:00:00+0200
DEU,DE,2009,72.4,PC_GDP,"Government deficit/surplus, debt and associated data",ESTAT,2026-04-22T11:00:00+0200
DEU,DE,2010,81.0,PC_GDP,"Government deficit/surplus, debt and associated data",ESTAT,2026-04-22T11:00:00+0200
DEU,DE,2011,78.5,PC_GDP,"Government deficit/surplus, debt and associated data",ESTAT,2026-04-22T11:00:00+0200
DEU,DE,2012,79.8,PC_GDP,"Government deficit/surplus, debt and associated data",ESTAT,2026-04-22T11:00:00+0200
DEU,DE,2013,77.5,PC_GDP,"Government deficit/surplus, debt and associated data",ESTAT,2026-04-22T11:00:00+0200
DEU,DE,2014,74.5,PC_GDP,"Government deficit/surplus, debt and associated data",ESTAT,2026-04-22T11:00:00+0200
DEU,DE,2015,71.2,PC_GDP,"Government deficit/surplus, debt and associated data",ESTAT,2026-04-22T11:00:00+0200
DEU,DE,2016,68.3,PC_GDP,"Government deficit/surplus, debt and associated data",ESTAT,2026-04-22T11:00:00+0200
DEU,DE,2017,64.0,PC_GDP,"Government deficit/surplus, debt and associated data",ESTAT,2026-04-22T11:00:00+0200
DEU,DE,2018,60.8,PC_GDP,"Government deficit/surplus, debt and associated data",ESTAT,2026-04-22T11:00:00+0200
DEU,DE,2019,58.7,PC_GDP,"Government deficit/surplus, debt and associated data",ESTAT,2026-04-22T11:00:00+0200
DEU,DE,2020,68.0,PC_GDP,"Government deficit/surplus, debt and associated data",ESTAT,2026-04-22T11:00:00+0200
DEU,DE,2021,67.9,PC_GDP,"Government deficit/surplus, debt and associated data",ESTAT,2026-04-22T11:00:00+0200
DEU,DE,2022,64.4,PC_GDP,"Government deficit/surplus, debt and associated data",ESTAT,2026-04-22T11:00:00+0200
DEU,DE,2023,62.3,PC_GDP,"Government deficit/surplus, debt and associated data",ESTAT,2026-04-22T11:00:00+0200
DEU,DE,2024,62.2,PC_GDP,"Government deficit/surplus, debt and associated data",ESTAT,2026-04-22T11:00:00+0200
DEU,DE,2025,63.5,PC_GDP,"Government deficit/surplus, debt and associated data",ESTAT,2026-04-22T11:00:00+0200
EST,EE,1995,8.0,PC_GDP,"Government deficit/surplus, debt and associated data",ESTAT,2026-04-22T11:00:00+0200
EST,EE,1996,7.5,PC_GDP,"Government deficit/surplus, debt and associated data",ESTAT,2026-04-22T11:00:00+0200
EST,EE,1997,6.9,PC_GDP,"Government deficit/surplus, debt and associated data",ESTAT,2026-04-22T11:00:00+0200
EST,EE,1998,5.9,PC_GDP,"Government deficit/surplus, debt and associated data",ESTAT,2026-04-22T11:00:00+0200
EST,EE,1999,6.4,PC_GDP,"Government deficit/surplus, debt and associated data",ESTAT,2026-04-22T11:00:00+0200
EST,EE,2000,5.1,PC_GDP,"Government deficit/surplus, debt and associated data",ESTAT,2026-04-22T11:00:00+0200
EST,EE,2001,4.9,PC_GDP,"Government deficit/surplus, debt and associated data",ESTAT,2026-04-22T11:00:00+0200
EST,EE,2002,5.7,PC_GDP,"Government deficit/surplus, debt and associated data",ESTAT,2026-04-22T11:00:00+0200
EST,EE,2003,5.6,PC_GDP,"Government deficit/surplus, debt and associated data",ESTAT,2026-04-22T11:00:00+0200
EST,EE,2004,5.2,PC_GDP,"Government deficit/surplus, debt and associated data",ESTAT,2026-04-22T11:00:00+0200
EST,EE,2005,4.7,PC_GDP,"Government deficit/surplus, debt and associated data",ESTAT,2026-04-22T11:00:00+0200
EST,EE,2006,4.7,PC_GDP,"Government deficit/surplus, debt and associated data",ESTAT,2026-04-22T11:00:00+0200
EST,EE,2007,3.9,PC_GDP,"Government deficit/surplus, debt and associated data",ESTAT,2026-04-22T11:00:00+0200
EST,EE,2008,4.7,PC_GDP,"Government deficit/surplus, debt and associated data",ESTAT,2026-04-22T11:00:00+0200
EST,EE,2009,8.0,PC_GDP,"Government deficit/surplus, debt and associated data",ESTAT,2026-04-22T11:00:00+0200
EST,EE,2010,8.0,PC_GDP,"Government deficit/surplus, debt and associated data",ESTAT,2026-04-22T11:00:00+0200
EST,EE,2011,7.6,PC_GDP,"Government deficit/surplus, debt and associated data",ESTAT,2026-04-22T11:00:00+0200
EST,EE,2012,11.1,PC_GDP,"Government deficit/surplus, debt and associated data",ESTAT,2026-04-22T11:00:00+0200
EST,EE,2013,11.4,PC_GDP,"Government deficit/surplus, debt and associated data",ESTAT,2026-04-22T11:00:00+0200
EST,EE,2014,11.6,PC_GDP,"Government deficit/surplus, debt and associated data",ESTAT,2026-04-22T11:00:00+0200
EST,EE,2015,10.8,PC_GDP,"Government deficit/surplus, debt and associated data",ESTAT,2026-04-22T11:00:00+0200
EST,EE,2016,10.2,PC_GDP,"Government deficit/surplus, debt and associated data",ESTAT,2026-04-22T11:00:00+0200
EST,EE,2017,9.4,PC_GDP,"Government deficit/surplus, debt and associated data",ESTAT,2026-04-22T11:00:00+0200
EST,EE,2018,8.5,PC_GDP,"Government deficit/surplus, debt and associated data",ESTAT,2026-04-22T11:00:00+0200
EST,EE,2019,9.0,PC_GDP,"Government deficit/surplus, debt and associated data",ESTAT,2026-04-22T11:00:00+0200
EST,EE,2020,19.1,PC_GDP,"Government deficit/surplus, debt and associated data",ESTAT,2026-04-22T11:00:00+0200
EST,EE,2021,18.4,PC_GDP,"Government deficit/surplus, debt and associated data",ESTAT,2026-04-22T11:00:00+0200
EST,EE,2022,19.2,PC_GDP,"Government deficit/surplus, debt and associated data",ESTAT,2026-04-22T11:00:00+0200
EST,EE,2023,20.2,PC_GDP,"Government deficit/surplus, debt and associated data",ESTAT,2026-04-22T11:00:00+0200
EST,EE,2024,23.5,PC_GDP,"Government deficit/surplus, debt and associated data",ESTAT,2026-04-22T11:00:00+0200
EST,EE,2025,24.1,PC_GDP,"Government deficit/surplus, debt and associated data",ESTAT,2026-04-22T11:00:00+0200
IRL,IE,1995,78.6,PC_GDP,"Government deficit/surplus, debt and associated data",ESTAT,2026-04-22T11:00:00+0200
IRL,IE,1996,69.9,PC_GDP,"Government deficit/surplus, debt and associated data",ESTAT,2026-04-22T11:00:00+0200
IRL,IE,1997,61.6,PC_GDP,"Government deficit/surplus, debt and associated data",ESTAT,2026-04-22T11:00:00+0200
IRL,IE,1998,51.4,PC_GDP,"Government deficit/surplus, debt and associated data",ESTAT,2026-04-22T11:00:00+0200
IRL,IE,1999,46.6,PC_GDP,"Government deficit/surplus, debt and associated data",ESTAT,2026-04-22T11:00:00+0200
IRL,IE,2000,36.4,PC_GDP,"Government deficit/surplus, debt and associated data",ESTAT,2026-04-22T11:00:00+0200
IRL,IE,2001,33.6,PC_GDP,"Government deficit/surplus, debt and associated data",ESTAT,2026-04-22T11:00:00+0200
IRL,IE,2002,30.9,PC_GDP,"Government deficit/surplus, debt and associated data",ESTAT,2026-04-22T11:00:00+0200
IRL,IE,2003,29.8,PC_GDP,"Government deficit/surplus, debt and associated data",ESTAT,2026-04-22T11:00:00+0200
IRL,IE,2004,28.0,PC_GDP,"Government deficit/surplus, debt and associated data",ESTAT,2026-04-22T11:00:00+0200
IRL,IE,2005,26.1,PC_GDP,"Government deficit/surplus, debt and associated data",ESTAT,2026-04-22T11:00:00+0200
IRL,IE,2006,23.7,PC_GDP,"Government deficit/surplus, debt and associated data",ESTAT,2026-04-22T11:00:00+0200
IRL,IE,2007,23.9,PC_GDP,"Government deficit/surplus, debt and associated data",ESTAT,2026-04-22T11:00:00+0200
IRL,IE,2008,42.5,PC_GDP,"Government deficit/surplus, debt and associated data",ESTAT,2026-04-22T11:00:00+0200
IRL,IE,2009,61.8,PC_GDP,"Government deficit/surplus, debt and associated data",ESTAT,2026-04-22T11:00:00+0200
IRL,IE,2010,86.2,PC_GDP,"Government deficit/surplus, debt and associated data",ESTAT,2026-04-22T11:00:00+0200
IRL,IE,2011,109.6,PC_GDP,"Government deficit/surplus, debt and associated data",ESTAT,2026-04-22T11:00:00+0200
IRL,IE,2012,118.9,PC_GDP,"Government deficit/surplus, debt and associated data",ESTAT,2026-04-22T11:00:00+0200
IRL,IE,2013,117.7,PC_GDP,"Government deficit/surplus, debt and associated data",ESTAT,2026-04-22T11:00:00+0200
IRL,IE,2014,101.4,PC_GDP,"Government deficit/surplus, debt and associated data",ESTAT,2026-04-22T11:00:00+0200
IRL,IE,2015,74.0,PC_GDP,"Government deficit/surplus, debt and associated data",ESTAT,2026-04-22T11:00:00+0200
IRL,IE,2016,72.7,PC_GDP,"Government deficit/surplus, debt and associated data",ESTAT,2026-04-22T11:00:00+0200
IRL,IE,2017,65.2,PC_GDP,"Government deficit/surplus, debt and associated data",ESTAT,2026-04-22T11:00:00+0200
IRL,IE,2018,61.3,PC_GDP,"Government deficit/surplus, debt and associated data",ESTAT,2026-04-22T11:00:00+0200
IRL,IE,2019,55.8,PC_GDP,"Government deficit/surplus, debt and associated data",ESTAT,2026-04-22T11:00:00+0200
IRL,IE,2020,56.9,PC_GDP,"Government deficit/surplus, debt and associated data",ESTAT,2026-04-22T11:00:00+0200
IRL,IE,2021,52.4,PC_GDP,"Government deficit/surplus, debt and associated data",ESTAT,2026-04-22T11:00:00+0200
IRL,IE,2022,43.0,PC_GDP,"Government deficit/surplus, debt and associated data",ESTAT,2026-04-22T11:00:00+0200
IRL,IE,2023,41.8,PC_GDP,"Government deficit/surplus, debt and associated data",ESTAT,2026-04-22T11:00:00+0200
IRL,IE,2024,38.3,PC_GDP,"Government deficit/surplus, debt and associated data",ESTAT,2026-04-22T11:00:00+0200
IRL,IE,2025,32.9,PC_GDP,"Government deficit/surplus, debt and associated data",ESTAT,2026-04-22T11:00:00+0200
GRC,EL,1995,100.4,PC_GDP,"Government deficit/surplus, debt and associated data",ESTAT,2026-04-22T11:00:00+0200
GRC,EL,1996,103.7,PC_GDP,"Government deficit/surplus, debt and associated data",ESTAT,2026-04-22T11:00:00+0200
GRC,EL,1997,102.6,PC_GDP,"Government deficit/surplus, debt and associated data",ESTAT,2026-04-22T11:00:00+0200
GRC,EL,1998,100.8,PC_GDP,"Government deficit/surplus, debt and associated data",ESTAT,2026-04-22T11:00:00+0200
GRC,EL,1999,102.8,PC_GDP,"Government deficit/surplus, debt and associated data",ESTAT,2026-04-22T11:00:00+0200
GRC,EL,2000,108.9,PC_GDP,"Government deficit/surplus, debt and associated data",ESTAT,2026-04-22T11:00:00+0200
GRC,EL,2001,110.5,PC_GDP,"Government deficit/surplus, debt and associated data",ESTAT,2026-04-22T11:00:00+0200
GRC,EL,2002,107.9,PC_GDP,"Government deficit/surplus, debt and associated data",ESTAT,2026-04-22T11:00:00+0200
GRC,EL,2003,104.3,PC_GDP,"Government deficit/surplus, debt and associated data",ESTAT,2026-04-22T11:00:00+0200
GRC,EL,2004,105.5,PC_GDP,"Government deficit/surplus, debt and associated data",ESTAT,2026-04-22T11:00:00+0200
GRC,EL,2005,109.9,PC_GDP,"Government deficit/surplus, debt and associated data",ESTAT,2026-04-22T11:00:00+0200
GRC,EL,2006,105.3,PC_GDP,"Government deficit/surplus, debt and associated data",ESTAT,2026-04-22T11:00:00+0200
GRC,EL,2007,104.6,PC_GDP,"Government deficit/surplus, debt and associated data",ESTAT,2026-04-22T11:00:00+0200
GRC,EL,2008,110.9,PC_GDP,"Government deficit/surplus, debt and associated data",ESTAT,2026-04-22T11:00:00+0200
GRC,EL,2009,128.5,PC_GDP,"Government deficit/surplus, debt and associated data",ESTAT,2026-04-22T11:00:00+0200
GRC,EL,2010,147.8,PC_GDP,"Government deficit/surplus, debt and associated data",ESTAT,2026-04-22T11:00:00+0200
GRC,EL,2011,175.1,PC_GDP,"Government deficit/surplus, debt and associated data",ESTAT,2026-04-22T11:00:00+0200
GRC,EL,2012,164.1,PC_GDP,"Government deficit/surplus, debt and associated data",ESTAT,2026-04-22T11:00:00+0200
GRC,EL,2013,180.4,PC_GDP,"Government deficit/surplus, debt and associated data",ESTAT,2026-04-22T11:00:00+0200
GRC,EL,2014,182.7,PC_GDP,"Government deficit/surplus, debt and associated data",ESTAT,2026-04-22T11:00:00+0200
GRC,EL,2015,179.6,PC_GDP,"Government deficit/surplus, debt and associated data",ESTAT,2026-04-22T11:00:00+0200
GRC,EL,2016,183.1,PC_GDP,"Government deficit/surplus, debt and associated data",ESTAT,2026-04-22T11:00:00+0200
GRC,EL,2017,182.1,PC_GDP,"Government deficit/surplus, debt and associated data",ESTAT,2026-04-22T11:00:00+0200
GRC,EL,2018,189.0,PC_GDP,"Government deficit/surplus, debt and associated data",ESTAT,2026-04-22T11:00:00+0200
GRC,EL,2019,183.2,PC_GDP,"Government deficit/surplus, debt and associated data",ESTAT,2026-04-22T11:00:00+0200
GRC,EL,2020,209.4,PC_GDP,"Government deficit/surplus, debt and associated data",ESTAT,2026-04-22T11:00:00+0200
GRC,EL,2021,197.3,PC_GDP,"Government deficit/surplus, debt and associated data",ESTAT,2026-04-22T11:00:00+0200
GRC,EL,2022,177.8,PC_GDP,"Government deficit/surplus, debt and associated data",ESTAT,2026-04-22T11:00:00+0200
GRC,EL,2023,164.3,PC_GDP,"Government deficit/surplus, debt and associated data",ESTAT,2026-04-22T11:00:00+0200
GRC,EL,2024,154.2,PC_GDP,"Government deficit/surplus, debt and associated data",ESTAT,2026-04-22T11:00:00+0200
GRC,EL,2025,146.1,PC_GDP,"Government deficit/surplus, debt and associated data",ESTAT,2026-04-22T11:00:00+0200
ESP,ES,1995,61.6,PC_GDP,"Government deficit/surplus, debt and associated data",ESTAT,2026-04-22T11:00:00+0200
ESP,ES,1996,65.4,PC_GDP,"Government deficit/surplus, debt and associated data",ESTAT,2026-04-22T11:00:00+0200
ESP,ES,1997,64.3,PC_GDP,"Government deficit/surplus, debt and associated data",ESTAT,2026-04-22T11:00:00+0200
ESP,ES,1998,62.4,PC_GDP,"Government deficit/surplus, debt and associated data",ESTAT,2026-04-22T11:00:00+0200
ESP,ES,1999,60.9,PC_GDP,"Government deficit/surplus, debt and associated data",ESTAT,2026-04-22T11:00:00+0200
ESP,ES,2000,57.8,PC_GDP,"Government deficit/surplus, debt and associated data",ESTAT,2026-04-22T11:00:00+0200
ESP,ES,2001,54.1,PC_GDP,"Government deficit/surplus, debt and associated data",ESTAT,2026-04-22T11:00:00+0200
ESP,ES,2002,51.2,PC_GDP,"Government deficit/surplus, debt and associated data",ESTAT,2026-04-22T11:00:00+0200
ESP,ES,2003,47.7,PC_GDP,"Government deficit/surplus, debt and associated data",ESTAT,2026-04-22T11:00:00+0200
ESP,ES,2004,45.3,PC_GDP,"Government deficit/surplus, debt and associated data",ESTAT,2026-04-22T11:00:00+0200
ESP,ES,2005,42.4,PC_GDP,"Government deficit/surplus, debt and associated data",ESTAT,2026-04-22T11:00:00+0200
ESP,ES,2006,39.0,PC_GDP,"Government deficit/surplus, debt and associated data",ESTAT,2026-04-22T11:00:00+0200
ESP,ES,2007,35.7,PC_GDP,"Government deficit/surplus, debt and associated data",ESTAT,2026-04-22T11:00:00+0200
ESP,ES,2008,39.6,PC_GDP,"Government deficit/surplus, debt and associated data",ESTAT,2026-04-22T11:00:00+0200
ESP,ES,2009,53.1,PC_GDP,"Government deficit/surplus, debt and associated data",ESTAT,2026-04-22T11:00:00+0200
ESP,ES,2010,60.3,PC_GDP,"Government deficit/surplus, debt and associated data",ESTAT,2026-04-22T11:00:00+0200
ESP,ES,2011,69.5,PC_GDP,"Government deficit/surplus, debt and associated data",ESTAT,2026-04-22T11:00:00+0200
ESP,ES,2012,89.6,PC_GDP,"Government deficit/surplus, debt and associated data",ESTAT,2026-04-22T11:00:00+0200
ESP,ES,2013,100.0,PC_GDP,"Government deficit/surplus, debt and associated data",ESTAT,2026-04-22T11:00:00+0200
ESP,ES,2014,104.4,PC_GDP,"Government deficit/surplus, debt and associated data",ESTAT,2026-04-22T11:00:00+0200
ESP,ES,2015,102.5,PC_GDP,"Government deficit/surplus, debt and associated data",ESTAT,2026-04-22T11:00:00+0200
ESP,ES,2016,102.0,PC_GDP,"Government deficit/surplus, debt and associated data",ESTAT,2026-04-22T11:00:00+0200
ESP,ES,2017,101.2,PC_GDP,"Government deficit/surplus, debt and associated data",ESTAT,2026-04-22T11:00:00+0200
ESP,ES,2018,99.8,PC_GDP,"Government deficit/surplus, debt and associated data",ESTAT,2026-04-22T11:00:00+0200
ESP,ES,2019,97.7,PC_GDP,"Government deficit/surplus, debt and associated data",ESTAT,2026-04-22T11:00:00+0200
ESP,ES,2020,119.3,PC_GDP,"Government deficit/surplus, debt and associated data",ESTAT,2026-04-22T11:00:00+0200
ESP,ES,2021,115.7,PC_GDP,"Government deficit/surplus, debt and associated data",ESTAT,2026-04-22T11:00:00+0200
ESP,ES,2022,109.3,PC_GDP,"Government deficit/surplus, debt and associated data",ESTAT,2026-04-22T11:00:00+0200
ESP,ES,2023,105.2,PC_GDP,"Government deficit/surplus, debt and associated data",ESTAT,2026-04-22T11:00:00+0200
ESP,ES,2024,101.6,PC_GDP,"Government deficit/surplus, debt and associated data",ESTAT,2026-04-22T11:00:00+0200
ESP,ES,2025,100.7,PC_GDP,"Government deficit/surplus, debt and associated data",ESTAT,2026-04-22T11:00:00+0200
FRA,FR,1995,57.8,PC_GDP,"Government deficit/surplus, debt and associated data",ESTAT,2026-04-22T11:00:00+0200
FRA,FR,1996,60.6,PC_GDP,"Government deficit/surplus, debt and associated data",ESTAT,2026-04-22T11:00:00+0200
FRA,FR,1997,62.0,PC_GDP,"Government deficit/surplus, debt and associated data",ESTAT,2026-04-22T11:00:00+0200
FRA,FR,1998,62.1,PC_GDP,"Government deficit/surplus, debt and associated data",ESTAT,2026-04-22T11:00:00+0200
FRA,FR,1999,61.4,PC_GDP,"Government deficit/surplus, debt and associated data",ESTAT,2026-04-22T11:00:00+0200
FRA,FR,2000,59.7,PC_GDP,"Government deficit/surplus, debt and associated data",ESTAT,2026-04-22T11:00:00+0200
FRA,FR,2001,59.3,PC_GDP,"Government deficit/surplus, debt and associated data",ESTAT,2026-04-22T11:00:00+0200
FRA,FR,2002,61.3,PC_GDP,"Government deficit/surplus, debt and associated data",ESTAT,2026-04-22T11:00:00+0200
FRA,FR,2003,65.4,PC_GDP,"Government deficit/surplus, debt and associated data",ESTAT,2026-04-22T11:00:00+0200
FRA,FR,2004,66.9,PC_GDP,"Government deficit/surplus, debt and associated data",ESTAT,2026-04-22T11:00:00+0200
FRA,FR,2005,68.2,PC_GDP,"Government deficit/surplus, debt and associated data",ESTAT,2026-04-22T11:00:00+0200
FRA,FR,2006,65.4,PC_GDP,"Government deficit/surplus, debt and associated data",ESTAT,2026-04-22T11:00:00+0200
FRA,FR,2007,65.5,PC_GDP,"Government deficit/surplus, debt and associated data",ESTAT,2026-04-22T11:00:00+0200
FRA,FR,2008,69.8,PC_GDP,"Government deficit/surplus, debt and associated data",ESTAT,2026-04-22T11:00:00+0200
FRA,FR,2009,84.1,PC_GDP,"Government deficit/surplus, debt and associated data",ESTAT,2026-04-22T11:00:00+0200
FRA,FR,2010,86.3,PC_GDP,"Government deficit/surplus, debt and associated data",ESTAT,2026-04-22T11:00:00+0200
FRA,FR,2011,88.7,PC_GDP,"Government deficit/surplus, debt and associated data",ESTAT,2026-04-22T11:00:00+0200
FRA,FR,2012,91.7,PC_GDP,"Government deficit/surplus, debt and associated data",ESTAT,2026-04-22T11:00:00+0200
FRA,FR,2013,94.6,PC_GDP,"Government deficit/surplus, debt and associated data",ESTAT,2026-04-22T11:00:00+0200
FRA,FR,2014,96.2,PC_GDP,"Government deficit/surplus, debt and associated data",ESTAT,2026-04-22T11:00:00+0200
FRA,FR,2015,97.0,PC_GDP,"Government deficit/surplus, debt and associated data",ESTAT,2026-04-22T11:00:00+0200
FRA,FR,2016,98.1,PC_GDP,"Government deficit/surplus, debt and associated data",ESTAT,2026-04-22T11:00:00+0200
FRA,FR,2017,98.8,PC_GDP,"Government deficit/surplus, debt and associated data",ESTAT,2026-04-22T11:00:00+0200
FRA,FR,2018,98.5,PC_GDP,"Government deficit/surplus, debt and associated data",ESTAT,2026-04-22T11:00:00+0200
FRA,FR,2019,98.2,PC_GDP,"Government deficit/surplus, debt and associated data",ESTAT,2026-04-22T11:00:00+0200
FRA,FR,2020,114.9,PC_GDP,"Government deficit/surplus, debt and associated data",ESTAT,2026-04-22T11:00:00+0200
FRA,FR,2021,112.8,PC_GDP,"Government deficit/surplus, debt and associated data",ESTAT,2026-04-22T11:00:00+0200
FRA,FR,2022,111.4,PC_GDP,"Government deficit/surplus, debt and associated data",ESTAT,2026-04-22T11:00:00+0200
FRA,FR,2023,109.5,PC_GDP,"Government deficit/surplus, debt and associated data",ESTAT,2026-04-22T11:00:00+0200
FRA,FR,2024,112.6,PC_GDP,"Government deficit/surplus, debt and associated data",ESTAT,2026-04-22T11:00:00+0200
FRA,FR,2025,115.6,PC_GDP,"Government deficit/surplus, debt and associated data",ESTAT,2026-04-22T11:00:00+0200
HRV,HR,1995,23.3,PC_GDP,"Government deficit/surplus, debt and associated data",ESTAT,2026-04-22T11:00:00+0200
HRV,HR,1996,25.3,PC_GDP,"Government deficit/surplus, debt and associated data",ESTAT,2026-04-22T11:00:00+0200
HRV,HR,1997,24.7,PC_GDP,"Government deficit/surplus, debt and associated data",ESTAT,2026-04-22T11:00:00+0200
HRV,HR,1998,22.6,PC_GDP,"Government deficit/surplus, debt and associated data",ESTAT,2026-04-22T11:00:00+0200
HRV,HR,1999,28.8,PC_GDP,"Government deficit/surplus, debt and associated data",ESTAT,2026-04-22T11:00:00+0200
HRV,HR,2000,35.4,PC_GDP,"Government deficit/surplus, debt and associated data",ESTAT,2026-04-22T11:00:00+0200
HRV,HR,2001,36.6,PC_GDP,"Government deficit/surplus, debt and associated data",ESTAT,2026-04-22T11:00:00+0200
HRV,HR,2002,36.5,PC_GDP,"Government deficit/surplus, debt and associated data",ESTAT,2026-04-22T11:00:00+0200
HRV,HR,2003,37.8,PC_GDP,"Government deficit/surplus, debt and associated data",ESTAT,2026-04-22T11:00:00+0200
HRV,HR,2004,40.0,PC_GDP,"Government deficit/surplus, debt and associated data",ESTAT,2026-04-22T11:00:00+0200
HRV,HR,2005,40.9,PC_GDP,"Government deficit/surplus, debt and associated data",ESTAT,2026-04-22T11:00:00+0200
HRV,HR,2006,38.4,PC_GDP,"Government deficit/surplus, debt and associated data",ESTAT,2026-04-22T11:00:00+0200
HRV,HR,2007,37.1,PC_GDP,"Government deficit/surplus, debt and associated data",ESTAT,2026-04-22T11:00:00+0200
HRV,HR,2008,38.9,PC_GDP,"Government deficit/surplus, debt and associated data",ESTAT,2026-04-22T11:00:00+0200
HRV,HR,2009,47.9,PC_GDP,"Government deficit/surplus, debt and associated data",ESTAT,2026-04-22T11:00:00+0200
HRV,HR,2010,56.8,PC_GDP,"Government deficit/surplus, debt and associated data",ESTAT,2026-04-22T11:00:00+0200
HRV,HR,2011,63.1,PC_GDP,"Government deficit/surplus, debt and associated data",ESTAT,2026-04-22T11:00:00+0200
HRV,HR,2012,68.9,PC_GDP,"Government deficit/surplus, debt and associated data",ESTAT,2026-04-22T11:00:00+0200
HRV,HR,2013,79.5,PC_GDP,"Government deficit/surplus, debt and associated data",ESTAT,2026-04-22T11:00:00+0200
HRV,HR,2014,83.2,PC_GDP,"Government deficit/surplus, debt and associated data",ESTAT,2026-04-22T11:00:00+0200
HRV,HR,2015,82.8,PC_GDP,"Government deficit/surplus, debt and associated data",ESTAT,2026-04-22T11:00:00+0200
HRV,HR,2016,79.3,PC_GDP,"Government deficit/surplus, debt and associated data",ESTAT,2026-04-22T11:00:00+0200
HRV,HR,2017,76.2,PC_GDP,"Government deficit/surplus, debt and associated data",ESTAT,2026-04-22T11:00:00+0200
HRV,HR,2018,72.8,PC_GDP,"Government deficit/surplus, debt and associated data",ESTAT,2026-04-22T11:00:00+0200
HRV,HR,2019,70.9,PC_GDP,"Government deficit/surplus, debt and associated data",ESTAT,2026-04-22T11:00:00+0200
HRV,HR,2020,86.5,PC_GDP,"Government deficit/surplus, debt and associated data",ESTAT,2026-04-22T11:00:00+0200
HRV,HR,2021,78.2,PC_GDP,"Government deficit/surplus, debt and associated data",ESTAT,2026-04-22T11:00:00+0200
HRV,HR,2022,68.5,PC_GDP,"Government deficit/surplus, debt and associated data",ESTAT,2026-04-22T11:00:00+0200
HRV,HR,2023,60.9,PC_GDP,"Government deficit/surplus, debt and associated data",ESTAT,2026-04-22T11:00:00+0200
HRV,HR,2024,57.4,PC_GDP,"Government deficit/surplus, debt and associated data",ESTAT,2026-04-22T11:00:00+0200
HRV,HR,2025,56.3,PC_GDP,"Government deficit/surplus, debt and associated data",ESTAT,2026-04-22T11:00:00+0200
ITA,IT,1995,119.1,PC_GDP,"Government deficit/surplus, debt and associated data",ESTAT,2026-04-22T11:00:00+0200
ITA,IT,1996,118.9,PC_GDP,"Government deficit/surplus, debt and associated data",ESTAT,2026-04-22T11:00:00+0200
ITA,IT,1997,116.5,PC_GDP,"Government deficit/surplus, debt and associated data",ESTAT,2026-04-22T11:00:00+0200
ITA,IT,1998,113.9,PC_GDP,"Government deficit/surplus, debt and associated data",ESTAT,2026-04-22T11:00:00+0200
ITA,IT,1999,113.1,PC_GDP,"Government deficit/surplus, debt and associated data",ESTAT,2026-04-22T11:00:00+0200
ITA,IT,2000,108.7,PC_GDP,"Government deficit/surplus, debt and associated data",ESTAT,2026-04-22T11:00:00+0200
ITA,IT,2001,108.5,PC_GDP,"Government deficit/surplus, debt and associated data",ESTAT,2026-04-22T11:00:00+0200
ITA,IT,2002,105.9,PC_GDP,"Government deficit/surplus, debt and associated data",ESTAT,2026-04-22T11:00:00+0200
ITA,IT,2003,105.1,PC_GDP,"Government deficit/surplus, debt and associated data",ESTAT,2026-04-22T11:00:00+0200
ITA,IT,2004,104.7,PC_GDP,"Government deficit/surplus, debt and associated data",ESTAT,2026-04-22T11:00:00+0200
ITA,IT,2005,106.2,PC_GDP,"Government deficit/surplus, debt and associated data",ESTAT,2026-04-22T11:00:00+0200
ITA,IT,2006,106.3,PC_GDP,"Government deficit/surplus, debt and associated data",ESTAT,2026-04-22T11:00:00+0200
ITA,IT,2007,103.5,PC_GDP,"Government deficit/surplus, debt and associated data",ESTAT,2026-04-22T11:00:00+0200
ITA,IT,2008,105.8,PC_GDP,"Government deficit/surplus, debt and associated data",ESTAT,2026-04-22T11:00:00+0200
ITA,IT,2009,116.1,PC_GDP,"Government deficit/surplus, debt and associated data",ESTAT,2026-04-22T11:00:00+0200
ITA,IT,2010,118.8,PC_GDP,"Government deficit/surplus, debt and associated data",ESTAT,2026-04-22T11:00:00+0200
ITA,IT,2011,119.1,PC_GDP,"Government deficit/surplus, debt and associated data",ESTAT,2026-04-22T11:00:00+0200
ITA,IT,2012,125.9,PC_GDP,"Government deficit/surplus, debt and associated data",ESTAT,2026-04-22T11:00:00+0200
ITA,IT,2013,131.9,PC_GDP,"Government deficit/surplus, debt and associated data",ESTAT,2026-04-22T11:00:00+0200
ITA,IT,2014,134.8,PC_GDP,"Government deficit/surplus, debt and associated data",ESTAT,2026-04-22T11:00:00+0200
ITA,IT,2015,134.8,PC_GDP,"Government deficit/surplus, debt and associated data",ESTAT,2026-04-22T11:00:00+0200
ITA,IT,2016,134.2,PC_GDP,"Government deficit/surplus, debt and associated data",ESTAT,2026-04-22T11:00:00+0200
ITA,IT,2017,133.7,PC_GDP,"Government deficit/surplus, debt and associated data",ESTAT,2026-04-22T11:00:00+0200
ITA,IT,2018,134.2,PC_GDP,"Government deficit/surplus, debt and associated data",ESTAT,2026-04-22T11:00:00+0200
ITA,IT,2019,133.9,PC_GDP,"Government deficit/surplus, debt and associated data",ESTAT,2026-04-22T11:00:00+0200
ITA,IT,2020,154.4,PC_GDP,"Government deficit/surplus, debt and associated data",ESTAT,2026-04-22T11:00:00+0200
ITA,IT,2021,145.8,PC_GDP,"Government deficit/surplus, debt and associated data",ESTAT,2026-04-22T11:00:00+0200
ITA,IT,2022,138.4,PC_GDP,"Government deficit/surplus, debt and associated data",ESTAT,2026-04-22T11:00:00+0200
ITA,IT,2023,133.9,PC_GDP,"Government deficit/surplus, debt and associated data",ESTAT,2026-04-22T11:00:00+0200
ITA,IT,2024,134.7,PC_GDP,"Government deficit/surplus, debt and associated data",ESTAT,2026-04-22T11:00:00+0200
ITA,IT,2025,137.1,PC_GDP,"Government deficit/surplus, debt and associated data",ESTAT,2026-04-22T11:00:00+0200
CYP,CY,1995,49.7,PC_GDP,"Government deficit/surplus, debt and associated data",ESTAT,2026-04-22T11:00:00+0200
CYP,CY,1996,51.0,PC_GDP,"Government deficit/surplus, debt and associated data",ESTAT,2026-04-22T11:00:00+0200
CYP,CY,1997,54.9,PC_GDP,"Government deficit/surplus, debt and associated data",ESTAT,2026-04-22T11:00:00+0200
CYP,CY,1998,56.4,PC_GDP,"Government deficit/surplus, debt and associated data",ESTAT,2026-04-22T11:00:00+0200
CYP,CY,1999,56.5,PC_GDP,"Government deficit/surplus, debt and associated data",ESTAT,2026-04-22T11:00:00+0200
CYP,CY,2000,56.5,PC_GDP,"Government deficit/surplus, debt and associated data",ESTAT,2026-04-22T11:00:00+0200
CYP,CY,2001,58.1,PC_GDP,"Government deficit/surplus, debt and associated data",ESTAT,2026-04-22T11:00:00+0200
CYP,CY,2002,61.3,PC_GDP,"Government deficit/surplus, debt and associated data",ESTAT,2026-04-22T11:00:00+0200
CYP,CY,2003,64.6,PC_GDP,"Government deficit/surplus, debt and associated data",ESTAT,2026-04-22T11:00:00+0200
CYP,CY,2004,65.5,PC_GDP,"Government deficit/surplus, debt and associated data",ESTAT,2026-04-22T11:00:00+0200
CYP,CY,2005,64.1,PC_GDP,"Government deficit/surplus, debt and associated data",ESTAT,2026-04-22T11:00:00+0200
CYP,CY,2006,60.0,PC_GDP,"Government deficit/surplus, debt and associated data",ESTAT,2026-04-22T11:00:00+0200
CYP,CY,2007,55.7,PC_GDP,"Government deficit/surplus, debt and associated data",ESTAT,2026-04-22T11:00:00+0200
CYP,CY,2008,47.1,PC_GDP,"Government deficit/surplus, debt and associated data",ESTAT,2026-04-22T11:00:00+0200
CYP,CY,2009,57.6,PC_GDP,"Government deficit/surplus, debt and associated data",ESTAT,2026-04-22T11:00:00+0200
CYP,CY,2010,60.1,PC_GDP,"Government deficit/surplus, debt and associated data",ESTAT,2026-04-22T11:00:00+0200
CYP,CY,2011,69.9,PC_GDP,"Government deficit/surplus, debt and associated data",ESTAT,2026-04-22T11:00:00+0200
CYP,CY,2012,84.4,PC_GDP,"Government deficit/surplus, debt and associated data",ESTAT,2026-04-22T11:00:00+0200
CYP,CY,2013,108.3,PC_GDP,"Government deficit/surplus, debt and associated data",ESTAT,2026-04-22T11:00:00+0200
CYP,CY,2014,113.5,PC_GDP,"Government deficit/surplus, debt and associated data",ESTAT,2026-04-22T11:00:00+0200
CYP,CY,2015,111.6,PC_GDP,"Government deficit/surplus, debt and associated data",ESTAT,2026-04-22T11:00:00+0200
CYP,CY,2016,106.9,PC_GDP,"Government deficit/surplus, debt and associated data",ESTAT,2026-04-22T11:00:00+0200
CYP,CY,2017,96.5,PC_GDP,"Government deficit/surplus, debt and associated data",ESTAT,2026-04-22T11:00:00+0200
CYP,CY,2018,100.7,PC_GDP,"Government deficit/surplus, debt and associated data",ESTAT,2026-04-22T11:00:00+0200
CYP,CY,2019,92.3,PC_GDP,"Government deficit/surplus, debt and associated data",ESTAT,2026-04-22T11:00:00+0200
CYP,CY,2020,113.6,PC_GDP,"Government deficit/surplus, debt and associated data",ESTAT,2026-04-22T11:00:00+0200
CYP,CY,2021,96.5,PC_GDP,"Government deficit/surplus, debt and associated data",ESTAT,2026-04-22T11:00:00+0200
CYP,CY,2022,80.1,PC_GDP,"Government deficit/surplus, debt and associated data",ESTAT,2026-04-22T11:00:00+0200
CYP,CY,2023,71.1,PC_GDP,"Government deficit/surplus, debt and associated data",ESTAT,2026-04-22T11:00:00+0200
CYP,CY,2024,62.7,PC_GDP,"Government deficit/surplus, debt and associated data",ESTAT,2026-04-22T11:00:00+0200
CYP,CY,2025,55.0,PC_GDP,"Government deficit/surplus, debt and associated data",ESTAT,2026-04-22T11:00:00+0200
LVA,LV,1995,14.3,PC_GDP,"Government deficit/surplus, debt and associated data",ESTAT,2026-04-22T11:00:00+0200
LVA,LV,1996,13.6,PC_GDP,"Government deficit/surplus, debt and associated data",ESTAT,2026-04-22T11:00:00+0200
LVA,LV,1997,10.9,PC_GDP,"Government deficit/surplus, debt and associated data",ESTAT,2026-04-22T11:00:00+0200
LVA,LV,1998,9.3,PC_GDP,"Government deficit/surplus, debt and associated data",ESTAT,2026-04-22T11:00:00+0200
LVA,LV,1999,12.4,PC_GDP,"Government deficit/surplus, debt and associated data",ESTAT,2026-04-22T11:00:00+0200
LVA,LV,2000,12.4,PC_GDP,"Government deficit/surplus, debt and associated data",ESTAT,2026-04-22T11:00:00+0200
LVA,LV,2001,14.1,PC_GDP,"Government deficit/surplus, debt and associated data",ESTAT,2026-04-22T11:00:00+0200
LVA,LV,2002,13.4,PC_GDP,"Government deficit/surplus, debt and associated data",ESTAT,2026-04-22T11:00:00+0200
LVA,LV,2003,14.8,PC_GDP,"Government deficit/surplus, debt and associated data",ESTAT,2026-04-22T11:00:00+0200
LVA,LV,2004,15.2,PC_GDP,"Government deficit/surplus, debt and associated data",ESTAT,2026-04-22T11:00:00+0200
LVA,LV,2005,12.4,PC_GDP,"Government deficit/surplus, debt and associated data",ESTAT,2026-04-22T11:00:00+0200
LVA,LV,2006,10.6,PC_GDP,"Government deficit/surplus, debt and associated data",ESTAT,2026-04-22T11:00:00+0200
LVA,LV,2007,8.9,PC_GDP,"Government deficit/surplus, debt and associated data",ESTAT,2026-04-22T11:00:00+0200
LVA,LV,2008,19.5,PC_GDP,"Government deficit/surplus, debt and associated data",ESTAT,2026-04-22T11:00:00+0200
LVA,LV,2009,38.0,PC_GDP,"Government deficit/surplus, debt and associated data",ESTAT,2026-04-22T11:00:00+0200
LVA,LV,2010,48.6,PC_GDP,"Government deficit/surplus, debt and associated data",ESTAT,2026-04-22T11:00:00+0200
LVA,LV,2011,46.6,PC_GDP,"Government deficit/surplus, debt and associated data",ESTAT,2026-04-22T11:00:00+0200
LVA,LV,2012,44.0,PC_GDP,"Government deficit/surplus, debt and associated data",ESTAT,2026-04-22T11:00:00+0200
LVA,LV,2013,41.8,PC_GDP,"Government deficit/surplus, debt and associated data",ESTAT,2026-04-22T11:00:00+0200
LVA,LV,2014,43.1,PC_GDP,"Government deficit/surplus, debt and associated data",ESTAT,2026-04-22T11:00:00+0200
LVA,LV,2015,38.3,PC_GDP,"Government deficit/surplus, debt and associated data",ESTAT,2026-04-22T11:00:00+0200
LVA,LV,2016,41.7,PC_GDP,"Government deficit/surplus, debt and associated data",ESTAT,2026-04-22T11:00:00+0200
LVA,LV,2017,40.3,PC_GDP,"Government deficit/surplus, debt and associated data",ESTAT,2026-04-22T11:00:00+0200
LVA,LV,2018,38.3,PC_GDP,"Government deficit/surplus, debt and associated data",ESTAT,2026-04-22T11:00:00+0200
LVA,LV,2019,37.9,PC_GDP,"Government deficit/surplus, debt and associated data",ESTAT,2026-04-22T11:00:00+0200
LVA,LV,2020,44.0,PC_GDP,"Government deficit/surplus, debt and associated data",ESTAT,2026-04-22T11:00:00+0200
LVA,LV,2021,45.9,PC_GDP,"Government deficit/surplus, debt and associated data",ESTAT,2026-04-22T11:00:00+0200
LVA,LV,2022,44.4,PC_GDP,"Government deficit/surplus, debt and associated data",ESTAT,2026-04-22T11:00:00+0200
LVA,LV,2023,44.4,PC_GDP,"Government deficit/surplus, debt and associated data",ESTAT,2026-04-22T11:00:00+0200
LVA,LV,2024,46.2,PC_GDP,"Government deficit/surplus, debt and associated data",ESTAT,2026-04-22T11:00:00+0200
LVA,LV,2025,46.9,PC_GDP,"Government deficit/surplus, debt and associated data",ESTAT,2026-04-22T11:00:00+0200
LTU,LT,1995,11.4,PC_GDP,"Government deficit/surplus, debt and associated data",ESTAT,2026-04-22T11:00:00+0200
LTU,LT,1996,13.8,PC_GDP,"Government deficit/surplus, debt and associated data",ESTAT,2026-04-22T11:00:00+0200
LTU,LT,1997,15.3,PC_GDP,"Government deficit/surplus, debt and associated data",ESTAT,2026-04-22T11:00:00+0200
LTU,LT,1998,16.5,PC_GDP,"Government deficit/surplus, debt and associated data",ESTAT,2026-04-22T11:00:00+0200
LTU,LT,1999,22.6,PC_GDP,"Government deficit/surplus, debt and associated data",ESTAT,2026-04-22T11:00:00+0200
LTU,LT,2000,23.5,PC_GDP,"Government deficit/surplus, debt and associated data",ESTAT,2026-04-22T11:00:00+0200
LTU,LT,2001,22.9,PC_GDP,"Government deficit/surplus, debt and associated data",ESTAT,2026-04-22T11:00:00+0200
LTU,LT,2002,22.1,PC_GDP,"Government deficit/surplus, debt and associated data",ESTAT,2026-04-22T11:00:00+0200
LTU,LT,2003,20.4,PC_GDP,"Government deficit/surplus, debt and associated data",ESTAT,2026-04-22T11:00:00+0200
LTU,LT,2004,18.6,PC_GDP,"Government deficit/surplus, debt and associated data",ESTAT,2026-04-22T11:00:00+0200
LTU,LT,2005,17.6,PC_GDP,"Government deficit/surplus, debt and associated data",ESTAT,2026-04-22T11:00:00+0200
LTU,LT,2006,17.3,PC_GDP,"Government deficit/surplus, debt and associated data",ESTAT,2026-04-22T11:00:00+0200
LTU,LT,2007,15.9,PC_GDP,"Government deficit/surplus, debt and associated data",ESTAT,2026-04-22T11:00:00+0200
LTU,LT,2008,14.6,PC_GDP,"Government deficit/surplus, debt and associated data",ESTAT,2026-04-22T11:00:00+0200
LTU,LT,2009,27.9,PC_GDP,"Government deficit/surplus, debt and associated data",ESTAT,2026-04-22T11:00:00+0200
LTU,LT,2010,36.7,PC_GDP,"Government deficit/surplus, debt and associated data",ESTAT,2026-04-22T11:00:00+0200
LTU,LT,2011,37.4,PC_GDP,"Government deficit/surplus, debt and associated data",ESTAT,2026-04-22T11:00:00+0200
LTU,LT,2012,39.9,PC_GDP,"Government deficit/surplus, debt and associated data",ESTAT,2026-04-22T11:00:00+0200
LTU,LT,2013,38.9,PC_GDP,"Government deficit/surplus, debt and associated data",ESTAT,2026-04-22T11:00:00+0200
LTU,LT,2014,40.7,PC_GDP,"Government deficit/surplus, debt and associated data",ESTAT,2026-04-22T11:00:00+0200
LTU,LT,2015,42.4,PC_GDP,"Government deficit/surplus, debt and associated data",ESTAT,2026-04-22T11:00:00+0200
LTU,LT,2016,39.8,PC_GDP,"Government deficit/surplus, debt and associated data",ESTAT,2026-04-22T11:00:00+0200
LTU,LT,2017,39.1,PC_GDP,"Government deficit/surplus, debt and associated data",ESTAT,2026-04-22T11:00:00+0200
LTU,LT,2018,33.3,PC_GDP,"Government deficit/surplus, debt and associated data",ESTAT,2026-04-22T11:00:00+0200
LTU,LT,2019,35.6,PC_GDP,"Government deficit/surplus, debt and associated data",ESTAT,2026-04-22T11:00:00+0200
LTU,LT,2020,45.9,PC_GDP,"Government deficit/surplus, debt and associated data",ESTAT,2026-04-22T11:00:00+0200
LTU,LT,2021,43.3,PC_GDP,"Government deficit/surplus, debt and associated data",ESTAT,2026-04-22T11:00:00+0200
LTU,LT,2022,38.3,PC_GDP,"Government deficit/surplus, debt and associated data",ESTAT,2026-04-22T11:00:00+0200
LTU,LT,2023,37.1,PC_GDP,"Government deficit/surplus, debt and associated data",ESTAT,2026-04-22T11:00:00+0200
LTU,LT,2024,38.0,PC_GDP,"Government deficit/surplus, debt and associated data",ESTAT,2026-04-22T11:00:00+0200
LTU,LT,2025,39.5,PC_GDP,"Government deficit/surplus, debt and associated data",ESTAT,2026-04-22T11:00:00+0200
LUX,LU,1995,10.1,PC_GDP,"Government deficit/surplus, debt and associated data",ESTAT,2026-04-22T11:00:00+0200
LUX,LU,1996,10.0,PC_GDP,"Government deficit/surplus, debt and associated data",ESTAT,2026-04-22T11:00:00+0200
LUX,LU,1997,9.5,PC_GDP,"Government deficit/surplus, debt and associated data",ESTAT,2026-04-22T11:00:00+0200
LUX,LU,1998,9.1,PC_GDP,"Government deficit/surplus, debt and associated data",ESTAT,2026-04-22T11:00:00+0200
LUX,LU,1999,8.1,PC_GDP,"Government deficit/surplus, debt and associated data",ESTAT,2026-04-22T11:00:00+0200
LUX,LU,2000,7.5,PC_GDP,"Government deficit/surplus, debt and associated data",ESTAT,2026-04-22T11:00:00+0200
LUX,LU,2001,7.6,PC_GDP,"Government deficit/surplus, debt and associated data",ESTAT,2026-04-22T11:00:00+0200
LUX,LU,2002,7.4,PC_GDP,"Government deficit/surplus, debt and associated data",ESTAT,2026-04-22T11:00:00+0200
LUX,LU,2003,7.4,PC_GDP,"Government deficit/surplus, debt and associated data",ESTAT,2026-04-22T11:00:00+0200
LUX,LU,2004,7.8,PC_GDP,"Government deficit/surplus, debt and associated data",ESTAT,2026-04-22T11:00:00+0200
LUX,LU,2005,8.0,PC_GDP,"Government deficit/surplus, debt and associated data",ESTAT,2026-04-22T11:00:00+0200
LUX,LU,2006,8.2,PC_GDP,"Government deficit/surplus, debt and associated data",ESTAT,2026-04-22T11:00:00+0200
LUX,LU,2007,8.1,PC_GDP,"Government deficit/surplus, debt and associated data",ESTAT,2026-04-22T11:00:00+0200
LUX,LU,2008,14.6,PC_GDP,"Government deficit/surplus, debt and associated data",ESTAT,2026-04-22T11:00:00+0200
LUX,LU,2009,15.3,PC_GDP,"Government deficit/surplus, debt and associated data",ESTAT,2026-04-22T11:00:00+0200
LUX,LU,2010,19.1,PC_GDP,"Government deficit/surplus, debt and associated data",ESTAT,2026-04-22T11:00:00+0200
LUX,LU,2011,18.5,PC_GDP,"Government deficit/surplus, debt and associated data",ESTAT,2026-04-22T11:00:00+0200
LUX,LU,2012,20.8,PC_GDP,"Government deficit/surplus, debt and associated data",ESTAT,2026-04-22T11:00:00+0200
LUX,LU,2013,22.4,PC_GDP,"Government deficit/surplus, debt and associated data",ESTAT,2026-04-22T11:00:00+0200
LUX,LU,2014,21.9,PC_GDP,"Government deficit/surplus, debt and associated data",ESTAT,2026-04-22T11:00:00+0200
LUX,LU,2015,21.1,PC_GDP,"Government deficit/surplus, debt and associated data",ESTAT,2026-04-22T11:00:00+0200
LUX,LU,2016,19.6,PC_GDP,"Government deficit/surplus, debt and associated data",ESTAT,2026-04-22T11:00:00+0200
LUX,LU,2017,21.8,PC_GDP,"Government deficit/surplus, debt and associated data",ESTAT,2026-04-22T11:00:00+0200
LUX,LU,2018,20.9,PC_GDP,"Government deficit/surplus, debt and associated data",ESTAT,2026-04-22T11:00:00+0200
LUX,LU,2019,22.3,PC_GDP,"Government deficit/surplus, debt and associated data",ESTAT,2026-04-22T11:00:00+0200
LUX,LU,2020,24.5,PC_GDP,"Government deficit/surplus, debt and associated data",ESTAT,2026-04-22T11:00:00+0200
LUX,LU,2021,24.2,PC_GDP,"Government deficit/surplus, debt and associated data",ESTAT,2026-04-22T11:00:00+0200
LUX,LU,2022,24.9,PC_GDP,"Government deficit/surplus, debt and associated data",ESTAT,2026-04-22T11:00:00+0200
LUX,LU,2023,24.7,PC_GDP,"Government deficit/surplus, debt and associated data",ESTAT,2026-04-22T11:00:00+0200
LUX,LU,2024,26.3,PC_GDP,"Government deficit/surplus, debt and associated data",ESTAT,2026-04-22T11:00:00+0200
LUX,LU,2025,26.5,PC_GDP,"Government deficit/surplus, debt and associated data",ESTAT,2026-04-22T11:00:00+0200
HUN,HU,1995,83.9,PC_GDP,"Government deficit/surplus, debt and associated data",ESTAT,2026-04-22T11:00:00+0200
HUN,HU,1996,71.2,PC_GDP,"Government deficit/surplus, debt and associated data",ESTAT,2026-04-22T11:00:00+0200
HUN,HU,1997,62.2,PC_GDP,"Government deficit/surplus, debt and associated data",ESTAT,2026-04-22T11:00:00+0200
HUN,HU,1998,60.4,PC_GDP,"Government deficit/surplus, debt and associated data",ESTAT,2026-04-22T11:00:00+0200
HUN,HU,1999,60.3,PC_GDP,"Government deficit/surplus, debt and associated data",ESTAT,2026-04-22T11:00:00+0200
HUN,HU,2000,55.6,PC_GDP,"Government deficit/surplus, debt and associated data",ESTAT,2026-04-22T11:00:00+0200
HUN,HU,2001,52.2,PC_GDP,"Government deficit/surplus, debt and associated data",ESTAT,2026-04-22T11:00:00+0200
HUN,HU,2002,55.6,PC_GDP,"Government deficit/surplus, debt and associated data",ESTAT,2026-04-22T11:00:00+0200
HUN,HU,2003,58.2,PC_GDP,"Government deficit/surplus, debt and associated data",ESTAT,2026-04-22T11:00:00+0200
HUN,HU,2004,58.9,PC_GDP,"Government deficit/surplus, debt and associated data",ESTAT,2026-04-22T11:00:00+0200
HUN,HU,2005,60.6,PC_GDP,"Government deficit/surplus, debt and associated data",ESTAT,2026-04-22T11:00:00+0200
HUN,HU,2006,64.5,PC_GDP,"Government deficit/surplus, debt and associated data",ESTAT,2026-04-22T11:00:00+0200
HUN,HU,2007,65.6,PC_GDP,"Government deficit/surplus, debt and associated data",ESTAT,2026-04-22T11:00:00+0200
HUN,HU,2008,71.8,PC_GDP,"Government deficit/surplus, debt and associated data",ESTAT,2026-04-22T11:00:00+0200
HUN,HU,2009,78.2,PC_GDP,"Government deficit/surplus, debt and associated data",ESTAT,2026-04-22T11:00:00+0200
HUN,HU,2010,80.2,PC_GDP,"Government deficit/surplus, debt and associated data",ESTAT,2026-04-22T11:00:00+0200
HUN,HU,2011,80.5,PC_GDP,"Government deficit/surplus, debt and associated data",ESTAT,2026-04-22T11:00:00+0200
HUN,HU,2012,78.4,PC_GDP,"Government deficit/surplus, debt and associated data",ESTAT,2026-04-22T11:00:00+0200
HUN,HU,2013,77.2,PC_GDP,"Government deficit/surplus, debt and associated data",ESTAT,2026-04-22T11:00:00+0200
HUN,HU,2014,76.5,PC_GDP,"Government deficit/surplus, debt and associated data",ESTAT,2026-04-22T11:00:00+0200
HUN,HU,2015,75.7,PC_GDP,"Government deficit/surplus, debt and associated data",ESTAT,2026-04-22T11:00:00+0200
HUN,HU,2016,74.6,PC_GDP,"Government deficit/surplus, debt and associated data",ESTAT,2026-04-22T11:00:00+0200
HUN,HU,2017,72.0,PC_GDP,"Government deficit/surplus, debt and associated data",ESTAT,2026-04-22T11:00:00+0200
HUN,HU,2018,68.8,PC_GDP,"Government deficit/surplus, debt and associated data",ESTAT,2026-04-22T11:00:00+0200
HUN,HU,2019,65.0,PC_GDP,"Government deficit/surplus, debt and associated data",ESTAT,2026-04-22T11:00:00+0200
HUN,HU,2020,78.7,PC_GDP,"Government deficit/surplus, debt and associated data",ESTAT,2026-04-22T11:00:00+0200
HUN,HU,2021,76.2,PC_GDP,"Government deficit/surplus, debt and associated data",ESTAT,2026-04-22T11:00:00+0200
HUN,HU,2022,74.1,PC_GDP,"Government deficit/surplus, debt and associated data",ESTAT,2026-04-22T11:00:00+0200
HUN,HU,2023,73.3,PC_GDP,"Government deficit/surplus, debt and associated data",ESTAT,2026-04-22T11:00:00+0200
HUN,HU,2024,73.5,PC_GDP,"Government deficit/surplus, debt and associated data",ESTAT,2026-04-22T11:00:00+0200
HUN,HU,2025,74.6,PC_GDP,"Government deficit/surplus, debt and associated data",ESTAT,2026-04-22T11:00:00+0200
MLT,MT,1995,34.3,PC_GDP,"Government deficit/surplus, debt and associated data",ESTAT,2026-04-22T11:00:00+0200
MLT,MT,1996,38.5,PC_GDP,"Government deficit/surplus, debt and associated data",ESTAT,2026-04-22T11:00:00+0200
MLT,MT,1997,46.5,PC_GDP,"Government deficit/surplus, debt and associated data",ESTAT,2026-04-22T11:00:00+0200
MLT,MT,1998,50.8,PC_GDP,"Government deficit/surplus, debt and associated data",ESTAT,2026-04-22T11:00:00+0200
MLT,MT,1999,61.8,PC_GDP,"Government deficit/surplus, debt and associated data",ESTAT,2026-04-22T11:00:00+0200
MLT,MT,2000,61.1,PC_GDP,"Government deficit/surplus, debt and associated data",ESTAT,2026-04-22T11:00:00+0200
MLT,MT,2001,65.2,PC_GDP,"Government deficit/surplus, debt and associated data",ESTAT,2026-04-22T11:00:00+0200
MLT,MT,2002,63.4,PC_GDP,"Government deficit/surplus, debt and associated data",ESTAT,2026-04-22T11:00:00+0200
MLT,MT,2003,69.0,PC_GDP,"Government deficit/surplus, debt and associated data",ESTAT,2026-04-22T11:00:00+0200
MLT,MT,2004,71.2,PC_GDP,"Government deficit/surplus, debt and associated data",ESTAT,2026-04-22T11:00:00+0200
MLT,MT,2005,70.2,PC_GDP,"Government deficit/surplus, debt and associated data",ESTAT,2026-04-22T11:00:00+0200
MLT,MT,2006,64.5,PC_GDP,"Government deficit/surplus, debt and associated data",ESTAT,2026-04-22T11:00:00+0200
MLT,MT,2007,62.0,PC_GDP,"Government deficit/surplus, debt and associated data",ESTAT,2026-04-22T11:00:00+0200
MLT,MT,2008,61.5,PC_GDP,"Government deficit/surplus, debt and associated data",ESTAT,2026-04-22T11:00:00+0200
MLT,MT,2009,66.0,PC_GDP,"Government deficit/surplus, debt and associated data",ESTAT,2026-04-22T11:00:00+0200
MLT,MT,2010,65.0,PC_GDP,"Government deficit/surplus, debt and associated data",ESTAT,2026-04-22T11:00:00+0200
MLT,MT,2011,68.9,PC_GDP,"Government deficit/surplus, debt and associated data",ESTAT,2026-04-22T11:00:00+0200
MLT,MT,2012,65.6,PC_GDP,"Government deficit/surplus, debt and associated data",ESTAT,2026-04-22T11:00:00+0200
MLT,MT,2013,64.9,PC_GDP,"Government deficit/surplus, debt and associated data",ESTAT,2026-04-22T11:00:00+0200
MLT,MT,2014,60.7,PC_GDP,"Government deficit/surplus, debt and associated data",ESTAT,2026-04-22T11:00:00+0200
MLT,MT,2015,55.0,PC_GDP,"Government deficit/surplus, debt and associated data",ESTAT,2026-04-22T11:00:00+0200
MLT,MT,2016,53.1,PC_GDP,"Government deficit/surplus, debt and associated data",ESTAT,2026-04-22T11:00:00+0200
MLT,MT,2017,45.6,PC_GDP,"Government deficit/surplus, debt and associated data",ESTAT,2026-04-22T11:00:00+0200
MLT,MT,2018,41.4,PC_GDP,"Government deficit/surplus, debt and associated data",ESTAT,2026-04-22T11:00:00+0200
MLT,MT,2019,39.2,PC_GDP,"Government deficit/surplus, debt and associated data",ESTAT,2026-04-22T11:00:00+0200
MLT,MT,2020,48.8,PC_GDP,"Government deficit/surplus, debt and associated data",ESTAT,2026-04-22T11:00:00+0200
MLT,MT,2021,49.7,PC_GDP,"Government deficit/surplus, debt and associated data",ESTAT,2026-04-22T11:00:00+0200
MLT,MT,2022,50.3,PC_GDP,"Government deficit/surplus, debt and associated data",ESTAT,2026-04-22T11:00:00+0200
MLT,MT,2023,46.9,PC_GDP,"Government deficit/surplus, debt and associated data",ESTAT,2026-04-22T11:00:00+0200
MLT,MT,2024,45.9,PC_GDP,"Government deficit/surplus, debt and associated data",ESTAT,2026-04-22T11:00:00+0200
MLT,MT,2025,46.4,PC_GDP,"Government deficit/surplus, debt and associated data",ESTAT,2026-04-22T11:00:00+0200
NLD,NL,1995,73.2,PC_GDP,"Government deficit/surplus, debt and associated data",ESTAT,2026-04-22T11:00:00+0200
NLD,NL,1996,71.4,PC_GDP,"Government deficit/surplus, debt and associated data",ESTAT,2026-04-22T11:00:00+0200
NLD,NL,1997,65.8,PC_GDP,"Government deficit/surplus, debt and associated data",ESTAT,2026-04-22T11:00:00+0200
NLD,NL,1998,62.8,PC_GDP,"Government deficit/surplus, debt and associated data",ESTAT,2026-04-22T11:00:00+0200
NLD,NL,1999,58.7,PC_GDP,"Government deficit/surplus, debt and associated data",ESTAT,2026-04-22T11:00:00+0200
NLD,NL,2000,52.2,PC_GDP,"Government deficit/surplus, debt and associated data",ESTAT,2026-04-22T11:00:00+0200
NLD,NL,2001,49.5,PC_GDP,"Government deficit/surplus, debt and associated data",ESTAT,2026-04-22T11:00:00+0200
NLD,NL,2002,48.8,PC_GDP,"Government deficit/surplus, debt and associated data",ESTAT,2026-04-22T11:00:00+0200
NLD,NL,2003,49.9,PC_GDP,"Government deficit/surplus, debt and associated data",ESTAT,2026-04-22T11:00:00+0200
NLD,NL,2004,50.2,PC_GDP,"Government deficit/surplus, debt and associated data",ESTAT,2026-04-22T11:00:00+0200
NLD,NL,2005,49.6,PC_GDP,"Government deficit/surplus, debt and associated data",ESTAT,2026-04-22T11:00:00+0200
NLD,NL,2006,45.0,PC_GDP,"Government deficit/surplus, debt and associated data",ESTAT,2026-04-22T11:00:00+0200
NLD,NL,2007,42.8,PC_GDP,"Government deficit/surplus, debt and associated data",ESTAT,2026-04-22T11:00:00+0200
NLD,NL,2008,54.3,PC_GDP,"Government deficit/surplus, debt and associated data",ESTAT,2026-04-22T11:00:00+0200
NLD,NL,2009,56.3,PC_GDP,"Government deficit/surplus, debt and associated data",ESTAT,2026-04-22T11:00:00+0200
NLD,NL,2010,58.9,PC_GDP,"Government deficit/surplus, debt and associated data",ESTAT,2026-04-22T11:00:00+0200
NLD,NL,2011,61.2,PC_GDP,"Government deficit/surplus, debt and associated data",ESTAT,2026-04-22T11:00:00+0200
NLD,NL,2012,65.7,PC_GDP,"Government deficit/surplus, debt and associated data",ESTAT,2026-04-22T11:00:00+0200
NLD,NL,2013,67.2,PC_GDP,"Government deficit/surplus, debt and associated data",ESTAT,2026-04-22T11:00:00+0200
NLD,NL,2014,67.2,PC_GDP,"Government deficit/surplus, debt and associated data",ESTAT,2026-04-22T11:00:00+0200
NLD,NL,2015,63.8,PC_GDP,"Government deficit/surplus, debt and associated data",ESTAT,2026-04-22T11:00:00+0200
NLD,NL,2016,60.9,PC_GDP,"Government deficit/surplus, debt and associated data",ESTAT,2026-04-22T11:00:00+0200
NLD,NL,2017,56.0,PC_GDP,"Government deficit/surplus, debt and associated data",ESTAT,2026-04-22T11:00:00+0200
NLD,NL,2018,51.6,PC_GDP,"Government deficit/surplus, debt and associated data",ESTAT,2026-04-22T11:00:00+0200
NLD,NL,2019,47.7,PC_GDP,"Government deficit/surplus, debt and associated data",ESTAT,2026-04-22T11:00:00+0200
NLD,NL,2020,53.4,PC_GDP,"Government deficit/surplus, debt and associated data",ESTAT,2026-04-22T11:00:00+0200
NLD,NL,2021,50.5,PC_GDP,"Government deficit/surplus, debt and associated data",ESTAT,2026-04-22T11:00:00+0200
NLD,NL,2022,48.4,PC_GDP,"Government deficit/surplus, debt and associated data",ESTAT,2026-04-22T11:00:00+0200
NLD,NL,2023,45.8,PC_GDP,"Government deficit/surplus, debt and associated data",ESTAT,2026-04-22T11:00:00+0200
NLD,NL,2024,43.8,PC_GDP,"Government deficit/surplus, debt and associated data",ESTAT,2026-04-22T11:00:00+0200
NLD,NL,2025,44.4,PC_GDP,"Government deficit/surplus, debt and associated data",ESTAT,2026-04-22T11:00:00+0200
AUT,AT,1995,68.6,PC_GDP,"Government deficit/surplus, debt and associated data",ESTAT,2026-04-22T11:00:00+0200
AUT,AT,1996,68.6,PC_GDP,"Government deficit/surplus, debt and associated data",ESTAT,2026-04-22T11:00:00+0200
AUT,AT,1997,63.9,PC_GDP,"Government deficit/surplus, debt and associated data",ESTAT,2026-04-22T11:00:00+0200
AUT,AT,1998,64.3,PC_GDP,"Government deficit/surplus, debt and associated data",ESTAT,2026-04-22T11:00:00+0200
AUT,AT,1999,67.1,PC_GDP,"Government deficit/surplus, debt and associated data",ESTAT,2026-04-22T11:00:00+0200
AUT,AT,2000,66.6,PC_GDP,"Government deficit/surplus, debt and associated data",ESTAT,2026-04-22T11:00:00+0200
AUT,AT,2001,67.2,PC_GDP,"Government deficit/surplus, debt and associated data",ESTAT,2026-04-22T11:00:00+0200
AUT,AT,2002,67.4,PC_GDP,"Government deficit/surplus, debt and associated data",ESTAT,2026-04-22T11:00:00+0200
AUT,AT,2003,66.4,PC_GDP,"Government deficit/surplus, debt and associated data",ESTAT,2026-04-22T11:00:00+0200
AUT,AT,2004,65.9,PC_GDP,"Government deficit/surplus, debt and associated data",ESTAT,2026-04-22T11:00:00+0200
AUT,AT,2005,69.4,PC_GDP,"Government deficit/surplus, debt and associated data",ESTAT,2026-04-22T11:00:00+0200
AUT,AT,2006,68.2,PC_GDP,"Government deficit/surplus, debt and associated data",ESTAT,2026-04-22T11:00:00+0200
AUT,AT,2007,65.8,PC_GDP,"Government deficit/surplus, debt and associated data",ESTAT,2026-04-22T11:00:00+0200
AUT,AT,2008,69.5,PC_GDP,"Government deficit/surplus, debt and associated data",ESTAT,2026-04-22T11:00:00+0200
AUT,AT,2009,80.8,PC_GDP,"Government deficit/surplus, debt and associated data",ESTAT,2026-04-22T11:00:00+0200
AUT,AT,2010,83.7,PC_GDP,"Government deficit/surplus, debt and associated data",ESTAT,2026-04-22T11:00:00+0200
AUT,AT,2011,83.4,PC_GDP,"Government deficit/surplus, debt and associated data",ESTAT,2026-04-22T11:00:00+0200
AUT,AT,2012,82.9,PC_GDP,"Government deficit/surplus, debt and associated data",ESTAT,2026-04-22T11:00:00+0200
AUT,AT,2013,82.4,PC_GDP,"Government deficit/surplus, debt and associated data",ESTAT,2026-04-22T11:00:00+0200
AUT,AT,2014,85.2,PC_GDP,"Government deficit/surplus, debt and associated data",ESTAT,2026-04-22T11:00:00+0200
AUT,AT,2015,85.6,PC_GDP,"Government deficit/surplus, debt and associated data",ESTAT,2026-04-22T11:00:00+0200
AUT,AT,2016,83.4,PC_GDP,"Government deficit/surplus, debt and associated data",ESTAT,2026-04-22T11:00:00+0200
AUT,AT,2017,79.1,PC_GDP,"Government deficit/surplus, debt and associated data",ESTAT,2026-04-22T11:00:00+0200
AUT,AT,2018,74.6,PC_GDP,"Government deficit/surplus, debt and associated data",ESTAT,2026-04-22T11:00:00+0200
AUT,AT,2019,71.0,PC_GDP,"Government deficit/surplus, debt and associated data",ESTAT,2026-04-22T11:00:00+0200
AUT,AT,2020,83.2,PC_GDP,"Government deficit/surplus, debt and associated data",ESTAT,2026-04-22T11:00:00+0200
AUT,AT,2021,82.4,PC_GDP,"Government deficit/surplus, debt and associated data",ESTAT,2026-04-22T11:00:00+0200
AUT,AT,2022,78.1,PC_GDP,"Government deficit/surplus, debt and associated data",ESTAT,2026-04-22T11:00:00+0200
AUT,AT,2023,77.8,PC_GDP,"Government deficit/surplus, debt and associated data",ESTAT,2026-04-22T11:00:00+0200
AUT,AT,2024,80.0,PC_GDP,"Government deficit/surplus, debt and associated data",ESTAT,2026-04-22T11:00:00+0200
AUT,AT,2025,81.5,PC_GDP,"Government deficit/surplus, debt and associated data",ESTAT,2026-04-22T11:00:00+0200
POL,PL,1995,47.3,PC_GDP,"Government deficit/surplus, debt and associated data",ESTAT,2026-04-22T11:00:00+0200
POL,PL,1996,42.2,PC_GDP,"Government deficit/surplus, debt and associated data",ESTAT,2026-04-22T11:00:00+0200
POL,PL,1997,42.1,PC_GDP,"Government deficit/surplus, debt and associated data",ESTAT,2026-04-22T11:00:00+0200
POL,PL,1998,38.2,PC_GDP,"Government deficit/surplus, debt and associated data",ESTAT,2026-04-22T11:00:00+0200
POL,PL,1999,38.8,PC_GDP,"Government deficit/surplus, debt and associated data",ESTAT,2026-04-22T11:00:00+0200
POL,PL,2000,36.2,PC_GDP,"Government deficit/surplus, debt and associated data",ESTAT,2026-04-22T11:00:00+0200
POL,PL,2001,37.1,PC_GDP,"Government deficit/surplus, debt and associated data",ESTAT,2026-04-22T11:00:00+0200
POL,PL,2002,41.6,PC_GDP,"Government deficit/surplus, debt and associated data",ESTAT,2026-04-22T11:00:00+0200
POL,PL,2003,46.4,PC_GDP,"Government deficit/surplus, debt and associated data",ESTAT,2026-04-22T11:00:00+0200
POL,PL,2004,44.9,PC_GDP,"Government deficit/surplus, debt and associated data",ESTAT,2026-04-22T11:00:00+0200
POL,PL,2005,46.5,PC_GDP,"Government deficit/surplus, debt and associated data",ESTAT,2026-04-22T11:00:00+0200
POL,PL,2006,47.1,PC_GDP,"Government deficit/surplus, debt and associated data",ESTAT,2026-04-22T11:00:00+0200
POL,PL,2007,44.4,PC_GDP,"Government deficit/surplus, debt and associated data",ESTAT,2026-04-22T11:00:00+0200
POL,PL,2008,46.6,PC_GDP,"Government deficit/surplus, debt and associated data",ESTAT,2026-04-22T11:00:00+0200
POL,PL,2009,49.7,PC_GDP,"Government deficit/surplus, debt and associated data",ESTAT,2026-04-22T11:00:00+0200
POL,PL,2010,53.7,PC_GDP,"Government deficit/surplus, debt and associated data",ESTAT,2026-04-22T11:00:00+0200
POL,PL,2011,54.8,PC_GDP,"Government deficit/surplus, debt and associated data",ESTAT,2026-04-22T11:00:00+0200
POL,PL,2012,54.5,PC_GDP,"Government deficit/surplus, debt and associated data",ESTAT,2026-04-22T11:00:00+0200
POL,PL,2013,56.9,PC_GDP,"Government deficit/surplus, debt and associated data",ESTAT,2026-04-22T11:00:00+0200
POL,PL,2014,51.1,PC_GDP,"Government deficit/surplus, debt and associated data",ESTAT,2026-04-22T11:00:00+0200
POL,PL,2015,51.1,PC_GDP,"Government deficit/surplus, debt and associated data",ESTAT,2026-04-22T11:00:00+0200
POL,PL,2016,54.1,PC_GDP,"Government deficit/surplus, debt and associated data",ESTAT,2026-04-22T11:00:00+0200
POL,PL,2017,50.4,PC_GDP,"Government deficit/surplus, debt and associated data",ESTAT,2026-04-22T11:00:00+0200
POL,PL,2018,48.2,PC_GDP,"Government deficit/surplus, debt and associated data",ESTAT,2026-04-22T11:00:00+0200
POL,PL,2019,45.2,PC_GDP,"Government deficit/surplus, debt and associated data",ESTAT,2026-04-22T11:00:00+0200
POL,PL,2020,56.6,PC_GDP,"Government deficit/surplus, debt and associated data",ESTAT,2026-04-22T11:00:00+0200
POL,PL,2021,53.0,PC_GDP,"Government deficit/surplus, debt and associated data",ESTAT,2026-04-22T11:00:00+0200
POL,PL,2022,48.8,PC_GDP,"Government deficit/surplus, debt and associated data",ESTAT,2026-04-22T11:00:00+0200
POL,PL,2023,49.5,PC_GDP,"Government deficit/surplus, debt and associated data",ESTAT,2026-04-22T11:00:00+0200
POL,PL,2024,54.8,PC_GDP,"Government deficit/surplus, debt and associated data",ESTAT,2026-04-22T11:00:00+0200
POL,PL,2025,59.7,PC_GDP,"Government deficit/surplus, debt and associated data",ESTAT,2026-04-22T11:00:00+0200
PRT,PT,1995,62.2,PC_GDP,"Government deficit/surplus, debt and associated data",ESTAT,2026-04-22T11:00:00+0200
PRT,PT,1996,63.3,PC_GDP,"Government deficit/surplus, debt and associated data",ESTAT,2026-04-22T11:00:00+0200
PRT,PT,1997,58.7,PC_GDP,"Government deficit/surplus, debt and associated data",ESTAT,2026-04-22T11:00:00+0200
PRT,PT,1998,55.6,PC_GDP,"Government deficit/surplus, debt and associated data",ESTAT,2026-04-22T11:00:00+0200
PRT,PT,1999,55.4,PC_GDP,"Government deficit/surplus, debt and associated data",ESTAT,2026-04-22T11:00:00+0200
PRT,PT,2000,54.2,PC_GDP,"Government deficit/surplus, debt and associated data",ESTAT,2026-04-22T11:00:00+0200
PRT,PT,2001,57.4,PC_GDP,"Government deficit/surplus, debt and associated data",ESTAT,2026-04-22T11:00:00+0200
PRT,PT,2002,60.0,PC_GDP,"Government deficit/surplus, debt and associated data",ESTAT,2026-04-22T11:00:00+0200
PRT,PT,2003,63.9,PC_GDP,"Government deficit/surplus, debt and associated data",ESTAT,2026-04-22T11:00:00+0200
PRT,PT,2004,67.1,PC_GDP,"Government deficit/surplus, debt and associated data",ESTAT,2026-04-22T11:00:00+0200
PRT,PT,2005,72.2,PC_GDP,"Government deficit/surplus, debt and associated data",ESTAT,2026-04-22T11:00:00+0200
PRT,PT,2006,73.7,PC_GDP,"Government deficit/surplus, debt and associated data",ESTAT,2026-04-22T11:00:00+0200
PRT,PT,2007,72.7,PC_GDP,"Government deficit/surplus, debt and associated data",ESTAT,2026-04-22T11:00:00+0200
PRT,PT,2008,75.5,PC_GDP,"Government deficit/surplus, debt and associated data",ESTAT,2026-04-22T11:00:00+0200
PRT,PT,2009,87.6,PC_GDP,"Government deficit/surplus, debt and associated data",ESTAT,2026-04-22T11:00:00+0200
PRT,PT,2010,99.9,PC_GDP,"Government deficit/surplus, debt and associated data",ESTAT,2026-04-22T11:00:00+0200
PRT,PT,2011,114.0,PC_GDP,"Government deficit/surplus, debt and associated data",ESTAT,2026-04-22T11:00:00+0200
PRT,PT,2012,128.6,PC_GDP,"Government deficit/surplus, debt and associated data",ESTAT,2026-04-22T11:00:00+0200
PRT,PT,2013,130.8,PC_GDP,"Government deficit/surplus, debt and associated data",ESTAT,2026-04-22T11:00:00+0200
PRT,PT,2014,132.5,PC_GDP,"Government deficit/surplus, debt and associated data",ESTAT,2026-04-22T11:00:00+0200
PRT,PT,2015,131.0,PC_GDP,"Government deficit/surplus, debt and associated data",ESTAT,2026-04-22T11:00:00+0200
PRT,PT,2016,131.2,PC_GDP,"Government deficit/surplus, debt and associated data",ESTAT,2026-04-22T11:00:00+0200
PRT,PT,2017,126.0,PC_GDP,"Government deficit/surplus, debt and associated data",ESTAT,2026-04-22T11:00:00+0200
PRT,PT,2018,121.1,PC_GDP,"Government deficit/surplus, debt and associated data",ESTAT,2026-04-22T11:00:00+0200
PRT,PT,2019,116.1,PC_GDP,"Government deficit/surplus, debt and associated data",ESTAT,2026-04-22T11:00:00+0200
PRT,PT,2020,134.1,PC_GDP,"Government deficit/surplus, debt and associated data",ESTAT,2026-04-22T11:00:00+0200
PRT,PT,2021,123.9,PC_GDP,"Government deficit/surplus, debt and associated data",ESTAT,2026-04-22T11:00:00+0200
PRT,PT,2022,111.2,PC_GDP,"Government deficit/surplus, debt and associated data",ESTAT,2026-04-22T11:00:00+0200
PRT,PT,2023,96.9,PC_GDP,"Government deficit/surplus, debt and associated data",ESTAT,2026-04-22T11:00:00+0200
PRT,PT,2024,93.5,PC_GDP,"Government deficit/surplus, debt and associated data",ESTAT,2026-04-22T11:00:00+0200
PRT,PT,2025,89.7,PC_GDP,"Government deficit/surplus, debt and associated data",ESTAT,2026-04-22T11:00:00+0200
ROU,RO,1995,6.6,PC_GDP,"Government deficit/surplus, debt and associated data",ESTAT,2026-04-22T11:00:00+0200
ROU,RO,1996,10.6,PC_GDP,"Government deficit/surplus, debt and associated data",ESTAT,2026-04-22T11:00:00+0200
ROU,RO,1997,15.1,PC_GDP,"Government deficit/surplus, debt and associated data",ESTAT,2026-04-22T11:00:00+0200
ROU,RO,1998,16.8,PC_GDP,"Government deficit/surplus, debt and associated data",ESTAT,2026-04-22T11:00:00+0200
ROU,RO,1999,21.7,PC_GDP,"Government deficit/surplus, debt and associated data",ESTAT,2026-04-22T11:00:00+0200
ROU,RO,2000,22.5,PC_GDP,"Government deficit/surplus, debt and associated data",ESTAT,2026-04-22T11:00:00+0200
ROU,RO,2001,25.9,PC_GDP,"Government deficit/surplus, debt and associated data",ESTAT,2026-04-22T11:00:00+0200
ROU,RO,2002,24.8,PC_GDP,"Government deficit/surplus, debt and associated data",ESTAT,2026-04-22T11:00:00+0200
ROU,RO,2003,22.1,PC_GDP,"Government deficit/surplus, debt and associated data",ESTAT,2026-04-22T11:00:00+0200
ROU,RO,2004,18.9,PC_GDP,"Government deficit/surplus, debt and associated data",ESTAT,2026-04-22T11:00:00+0200
ROU,RO,2005,15.9,PC_GDP,"Government deficit/surplus, debt and associated data",ESTAT,2026-04-22T11:00:00+0200
ROU,RO,2006,12.4,PC_GDP,"Government deficit/surplus, debt and associated data",ESTAT,2026-04-22T11:00:00+0200
ROU,RO,2007,11.9,PC_GDP,"Government deficit/surplus, debt and associated data",ESTAT,2026-04-22T11:00:00+0200
ROU,RO,2008,12.3,PC_GDP,"Government deficit/surplus, debt and associated data",ESTAT,2026-04-22T11:00:00+0200
ROU,RO,2009,21.8,PC_GDP,"Government deficit/surplus, debt and associated data",ESTAT,2026-04-22T11:00:00+0200
ROU,RO,2010,29.0,PC_GDP,"Government deficit/surplus, debt and associated data",ESTAT,2026-04-22T11:00:00+0200
ROU,RO,2011,32.3,PC_GDP,"Government deficit/surplus, debt and associated data",ESTAT,2026-04-22T11:00:00+0200
ROU,RO,2012,35.4,PC_GDP,"Government deficit/surplus, debt and associated data",ESTAT,2026-04-22T11:00:00+0200
ROU,RO,2013,37.8,PC_GDP,"Government deficit/surplus, debt and associated data",ESTAT,2026-04-22T11:00:00+0200
ROU,RO,2014,39.1,PC_GDP,"Government deficit/surplus, debt and associated data",ESTAT,2026-04-22T11:00:00+0200
ROU,RO,2015,37.7,PC_GDP,"Government deficit/surplus, debt and associated data",ESTAT,2026-04-22T11:00:00+0200
ROU,RO,2016,37.8,PC_GDP,"Government deficit/surplus, debt and associated data",ESTAT,2026-04-22T11:00:00+0200
ROU,RO,2017,35.3,PC_GDP,"Government deficit/surplus, debt and associated data",ESTAT,2026-04-22T11:00:00+0200
ROU,RO,2018,34.6,PC_GDP,"Government deficit/surplus, debt and associated data",ESTAT,2026-04-22T11:00:00+0200
ROU,RO,2019,35.2,PC_GDP,"Government deficit/surplus, debt and associated data",ESTAT,2026-04-22T11:00:00+0200
ROU,RO,2020,46.9,PC_GDP,"Government deficit/surplus, debt and associated data",ESTAT,2026-04-22T11:00:00+0200
ROU,RO,2021,48.6,PC_GDP,"Government deficit/surplus, debt and associated data",ESTAT,2026-04-22T11:00:00+0200
ROU,RO,2022,48.1,PC_GDP,"Government deficit/surplus, debt and associated data",ESTAT,2026-04-22T11:00:00+0200
ROU,RO,2023,49.3,PC_GDP,"Government deficit/surplus, debt and associated data",ESTAT,2026-04-22T11:00:00+0200
ROU,RO,2024,54.8,PC_GDP,"Government deficit/surplus, debt and associated data",ESTAT,2026-04-22T11:00:00+0200
ROU,RO,2025,59.3,PC_GDP,"Government deficit/surplus, debt and associated data",ESTAT,2026-04-22T11:00:00+0200
SVN,SI,1995,18.2,PC_GDP,"Government deficit/surplus, debt and associated data",ESTAT,2026-04-22T11:00:00+0200
SVN,SI,1996,21.6,PC_GDP,"Government deficit/surplus, debt and associated data",ESTAT,2026-04-22T11:00:00+0200
SVN,SI,1997,22.1,PC_GDP,"Government deficit/surplus, debt and associated data",ESTAT,2026-04-22T11:00:00+0200
SVN,SI,1998,22.8,PC_GDP,"Government deficit/surplus, debt and associated data",ESTAT,2026-04-22T11:00:00+0200
SVN,SI,1999,23.8,PC_GDP,"Government deficit/surplus, debt and associated data",ESTAT,2026-04-22T11:00:00+0200
SVN,SI,2000,26.1,PC_GDP,"Government deficit/surplus, debt and associated data",ESTAT,2026-04-22T11:00:00+0200
SVN,SI,2001,26.3,PC_GDP,"Government deficit/surplus, debt and associated data",ESTAT,2026-04-22T11:00:00+0200
SVN,SI,2002,27.7,PC_GDP,"Government deficit/surplus, debt and associated data",ESTAT,2026-04-22T11:00:00+0200
SVN,SI,2003,27.0,PC_GDP,"Government deficit/surplus, debt and associated data",ESTAT,2026-04-22T11:00:00+0200
SVN,SI,2004,27.1,PC_GDP,"Government deficit/surplus, debt and associated data",ESTAT,2026-04-22T11:00:00+0200
SVN,SI,2005,26.6,PC_GDP,"Government deficit/surplus, debt and associated data",ESTAT,2026-04-22T11:00:00+0200
SVN,SI,2006,26.2,PC_GDP,"Government deficit/surplus, debt and associated data",ESTAT,2026-04-22T11:00:00+0200
SVN,SI,2007,22.9,PC_GDP,"Government deficit/surplus, debt and associated data",ESTAT,2026-04-22T11:00:00+0200
SVN,SI,2008,21.9,PC_GDP,"Government deficit/surplus, debt and associated data",ESTAT,2026-04-22T11:00:00+0200
SVN,SI,2009,34.9,PC_GDP,"Government deficit/surplus, debt and associated data",ESTAT,2026-04-22T11:00:00+0200
SVN,SI,2010,38.6,PC_GDP,"Government deficit/surplus, debt and associated data",ESTAT,2026-04-22T11:00:00+0200
SVN,SI,2011,46.8,PC_GDP,"Government deficit/surplus, debt and associated data",ESTAT,2026-04-22T11:00:00+0200
SVN,SI,2012,54.1,PC_GDP,"Government deficit/surplus, debt and associated data",ESTAT,2026-04-22T11:00:00+0200
SVN,SI,2013,70.8,PC_GDP,"Government deficit/surplus, debt and associated data",ESTAT,2026-04-22T11:00:00+0200
SVN,SI,2014,81.1,PC_GDP,"Government deficit/surplus, debt and associated data",ESTAT,2026-04-22T11:00:00+0200
SVN,SI,2015,83.4,PC_GDP,"Government deficit/surplus, debt and associated data",ESTAT,2026-04-22T11:00:00+0200
SVN,SI,2016,79.4,PC_GDP,"Government deficit/surplus, debt and associated data",ESTAT,2026-04-22T11:00:00+0200
SVN,SI,2017,74.9,PC_GDP,"Government deficit/surplus, debt and associated data",ESTAT,2026-04-22T11:00:00+0200
SVN,SI,2018,71.0,PC_GDP,"Government deficit/surplus, debt and associated data",ESTAT,2026-04-22T11:00:00+0200
SVN,SI,2019,66.0,PC_GDP,"Government deficit/surplus, debt and associated data",ESTAT,2026-04-22T11:00:00+0200
SVN,SI,2020,80.2,PC_GDP,"Government deficit/surplus, debt and associated data",ESTAT,2026-04-22T11:00:00+0200
SVN,SI,2021,74.8,PC_GDP,"Government deficit/surplus, debt and associated data",ESTAT,2026-04-22T11:00:00+0200
SVN,SI,2022,72.8,PC_GDP,"Government deficit/surplus, debt and associated data",ESTAT,2026-04-22T11:00:00+0200
SVN,SI,2023,68.3,PC_GDP,"Government deficit/surplus, debt and associated data",ESTAT,2026-04-22T11:00:00+0200
SVN,SI,2024,66.4,PC_GDP,"Government deficit/surplus, debt and associated data",ESTAT,2026-04-22T11:00:00+0200
SVN,SI,2025,65.7,PC_GDP,"Government deficit/surplus, debt and associated data",ESTAT,2026-04-22T11:00:00+0200
SVK,SK,1995,21.3,PC_GDP,"Government deficit/surplus, debt and associated data",ESTAT,2026-04-22T11:00:00+0200
SVK,SK,1996,30.3,PC_GDP,"Government deficit/surplus, debt and associated data",ESTAT,2026-04-22T11:00:00+0200
SVK,SK,1997,32.8,PC_GDP,"Government deficit/surplus, debt and associated data",ESTAT,2026-04-22T11:00:00+0200
SVK,SK,1998,33.9,PC_GDP,"Government deficit/surplus, debt and associated data",ESTAT,2026-04-22T11:00:00+0200
SVK,SK,1999,47.1,PC_GDP,"Government deficit/surplus, debt and associated data",ESTAT,2026-04-22T11:00:00+0200
SVK,SK,2000,50.6,PC_GDP,"Government deficit/surplus, debt and associated data",ESTAT,2026-04-22T11:00:00+0200
SVK,SK,2001,51.4,PC_GDP,"Government deficit/surplus, debt and associated data",ESTAT,2026-04-22T11:00:00+0200
SVK,SK,2002,45.6,PC_GDP,"Government deficit/surplus, debt and associated data",ESTAT,2026-04-22T11:00:00+0200
SVK,SK,2003,43.6,PC_GDP,"Government deficit/surplus, debt and associated data",ESTAT,2026-04-22T11:00:00+0200
SVK,SK,2004,42.0,PC_GDP,"Government deficit/surplus, debt and associated data",ESTAT,2026-04-22T11:00:00+0200
SVK,SK,2005,35.0,PC_GDP,"Government deficit/surplus, debt and associated data",ESTAT,2026-04-22T11:00:00+0200
SVK,SK,2006,31.5,PC_GDP,"Government deficit/surplus, debt and associated data",ESTAT,2026-04-22T11:00:00+0200
SVK,SK,2007,30.4,PC_GDP,"Government deficit/surplus, debt and associated data",ESTAT,2026-04-22T11:00:00+0200
SVK,SK,2008,28.6,PC_GDP,"Government deficit/surplus, debt and associated data",ESTAT,2026-04-22T11:00:00+0200
SVK,SK,2009,36.4,PC_GDP,"Government deficit/surplus, debt and associated data",ESTAT,2026-04-22T11:00:00+0200
SVK,SK,2010,40.7,PC_GDP,"Government deficit/surplus, debt and associated data",ESTAT,2026-04-22T11:00:00+0200
SVK,SK,2011,43.3,PC_GDP,"Government deficit/surplus, debt and associated data",ESTAT,2026-04-22T11:00:00+0200
SVK,SK,2012,51.7,PC_GDP,"Government deficit/surplus, debt and associated data",ESTAT,2026-04-22T11:00:00+0200
SVK,SK,2013,54.6,PC_GDP,"Government deficit/surplus, debt and associated data",ESTAT,2026-04-22T11:00:00+0200
SVK,SK,2014,53.4,PC_GDP,"Government deficit/surplus, debt and associated data",ESTAT,2026-04-22T11:00:00+0200
SVK,SK,2015,51.6,PC_GDP,"Government deficit/surplus, debt and associated data",ESTAT,2026-04-22T11:00:00+0200
SVK,SK,2016,52.1,PC_GDP,"Government deficit/surplus, debt and associated data",ESTAT,2026-04-22T11:00:00+0200
SVK,SK,2017,51.4,PC_GDP,"Government deficit/surplus, debt and associated data",ESTAT,2026-04-22T11:00:00+0200
SVK,SK,2018,49.3,PC_GDP,"Government deficit/surplus, debt and associated data",ESTAT,2026-04-22T11:00:00+0200
SVK,SK,2019,48.0,PC_GDP,"Government deficit/surplus, debt and associated data",ESTAT,2026-04-22T11:00:00+0200
SVK,SK,2020,58.4,PC_GDP,"Government deficit/surplus, debt and associated data",ESTAT,2026-04-22T11:00:00+0200
SVK,SK,2021,60.2,PC_GDP,"Government deficit/surplus, debt and associated data",ESTAT,2026-04-22T11:00:00+0200
SVK,SK,2022,57.8,PC_GDP,"Government deficit/surplus, debt and associated data",ESTAT,2026-04-22T11:00:00+0200
SVK,SK,2023,55.8,PC_GDP,"Government deficit/surplus, debt and associated data",ESTAT,2026-04-22T11:00:00+0200
SVK,SK,2024,59.7,PC_GDP,"Government deficit/surplus, debt and associated data",ESTAT,2026-04-22T11:00:00+0200
SVK,SK,2025,61.4,PC_GDP,"Government deficit/surplus, debt and associated data",ESTAT,2026-04-22T11:00:00+0200
FIN,FI,1995,55.2,PC_GDP,"Government deficit/surplus, debt and associated data",ESTAT,2026-04-22T11:00:00+0200
FIN,FI,1996,55.4,PC_GDP,"Government deficit/surplus, debt and associated data",ESTAT,2026-04-22T11:00:00+0200
FIN,FI,1997,52.2,PC_GDP,"Government deficit/surplus, debt and associated data",ESTAT,2026-04-22T11:00:00+0200
FIN,FI,1998,46.8,PC_GDP,"Government deficit/surplus, debt and associated data",ESTAT,2026-04-22T11:00:00+0200
FIN,FI,1999,44.1,PC_GDP,"Government deficit/surplus, debt and associated data",ESTAT,2026-04-22T11:00:00+0200
FIN,FI,2000,45.1,PC_GDP,"Government deficit/surplus, debt and associated data",ESTAT,2026-04-22T11:00:00+0200
FIN,FI,2001,43.4,PC_GDP,"Government deficit/surplus, debt and associated data",ESTAT,2026-04-22T11:00:00+0200
FIN,FI,2002,42.6,PC_GDP,"Government deficit/surplus, debt and associated data",ESTAT,2026-04-22T11:00:00+0200
FIN,FI,2003,45.2,PC_GDP,"Government deficit/surplus, debt and associated data",ESTAT,2026-04-22T11:00:00+0200
FIN,FI,2004,44.9,PC_GDP,"Government deficit/surplus, debt and associated data",ESTAT,2026-04-22T11:00:00+0200
FIN,FI,2005,42.1,PC_GDP,"Government deficit/surplus, debt and associated data",ESTAT,2026-04-22T11:00:00+0200
FIN,FI,2006,40.2,PC_GDP,"Government deficit/surplus, debt and associated data",ESTAT,2026-04-22T11:00:00+0200
FIN,FI,2007,36.0,PC_GDP,"Government deficit/surplus, debt and associated data",ESTAT,2026-04-22T11:00:00+0200
FIN,FI,2008,34.7,PC_GDP,"Government deficit/surplus, debt and associated data",ESTAT,2026-04-22T11:00:00+0200
FIN,FI,2009,44.1,PC_GDP,"Government deficit/surplus, debt and associated data",ESTAT,2026-04-22T11:00:00+0200
FIN,FI,2010,50.1,PC_GDP,"Government deficit/surplus, debt and associated data",ESTAT,2026-04-22T11:00:00+0200
FIN,FI,2011,52.0,PC_GDP,"Government deficit/surplus, debt and associated data",ESTAT,2026-04-22T11:00:00+0200
FIN,FI,2012,57.9,PC_GDP,"Government deficit/surplus, debt and associated data",ESTAT,2026-04-22T11:00:00+0200
FIN,FI,2013,60.8,PC_GDP,"Government deficit/surplus, debt and associated data",ESTAT,2026-04-22T11:00:00+0200
FIN,FI,2014,64.8,PC_GDP,"Government deficit/surplus, debt and associated data",ESTAT,2026-04-22T11:00:00+0200
FIN,FI,2015,68.8,PC_GDP,"Government deficit/surplus, debt and associated data",ESTAT,2026-04-22T11:00:00+0200
FIN,FI,2016,68.6,PC_GDP,"Government deficit/surplus, debt and associated data",ESTAT,2026-04-22T11:00:00+0200
FIN,FI,2017,66.6,PC_GDP,"Government deficit/surplus, debt and associated data",ESTAT,2026-04-22T11:00:00+0200
FIN,FI,2018,65.4,PC_GDP,"Government deficit/surplus, debt and associated data",ESTAT,2026-04-22T11:00:00+0200
FIN,FI,2019,65.3,PC_GDP,"Government deficit/surplus, debt and associated data",ESTAT,2026-04-22T11:00:00+0200
FIN,FI,2020,75.3,PC_GDP,"Government deficit/surplus, debt and associated data",ESTAT,2026-04-22T11:00:00+0200
FIN,FI,2021,73.1,PC_GDP,"Government deficit/surplus, debt and associated data",ESTAT,2026-04-22T11:00:00+0200
FIN,FI,2022,74.0,PC_GDP,"Government deficit/surplus, debt and associated data",ESTAT,2026-04-22T11:00:00+0200
FIN,FI,2023,77.0,PC_GDP,"Government deficit/surplus, debt and associated data",ESTAT,2026-04-22T11:00:00+0200
FIN,FI,2024,82.4,PC_GDP,"Government deficit/surplus, debt and associated data",ESTAT,2026-04-22T11:00:00+0200
FIN,FI,2025,88.5,PC_GDP,"Government deficit/surplus, debt and associated data",ESTAT,2026-04-22T11:00:00+0200
SWE,SE,1995,68.8,PC_GDP,"Government deficit/surplus, debt and associated data",ESTAT,2026-04-22T11:00:00+0200
SWE,SE,1996,69.3,PC_GDP,"Government deficit/surplus, debt and associated data",ESTAT,2026-04-22T11:00:00+0200
SWE,SE,1997,66.9,PC_GDP,"Government deficit/surplus, debt and associated data",ESTAT,2026-04-22T11:00:00+0200
SWE,SE,1998,66.1,PC_GDP,"Government deficit/surplus, debt and associated data",ESTAT,2026-04-22T11:00:00+0200
SWE,SE,1999,60.7,PC_GDP,"Government deficit/surplus, debt and associated data",ESTAT,2026-04-22T11:00:00+0200
SWE,SE,2000,50.4,PC_GDP,"Government deficit/surplus, debt and associated data",ESTAT,2026-04-22T11:00:00+0200
SWE,SE,2001,52.0,PC_GDP,"Government deficit/surplus, debt and associated data",ESTAT,2026-04-22T11:00:00+0200
SWE,SE,2002,49.8,PC_GDP,"Government deficit/surplus, debt and associated data",ESTAT,2026-04-22T11:00:00+0200
SWE,SE,2003,49.5,PC_GDP,"Government deficit/surplus, debt and associated data",ESTAT,2026-04-22T11:00:00+0200
SWE,SE,2004,48.7,PC_GDP,"Government deficit/surplus, debt and associated data",ESTAT,2026-04-22T11:00:00+0200
SWE,SE,2005,49.0,PC_GDP,"Government deficit/surplus, debt and associated data",ESTAT,2026-04-22T11:00:00+0200
SWE,SE,2006,43.9,PC_GDP,"Government deficit/surplus, debt and associated data",ESTAT,2026-04-22T11:00:00+0200
SWE,SE,2007,39.3,PC_GDP,"Government deficit/surplus, debt and associated data",ESTAT,2026-04-22T11:00:00+0200
SWE,SE,2008,38.0,PC_GDP,"Government deficit/surplus, debt and associated data",ESTAT,2026-04-22T11:00:00+0200
SWE,SE,2009,41.3,PC_GDP,"Government deficit/surplus, debt and associated data",ESTAT,2026-04-22T11:00:00+0200
SWE,SE,2010,38.7,PC_GDP,"Government deficit/surplus, debt and associated data",ESTAT,2026-04-22T11:00:00+0200
SWE,SE,2011,37.8,PC_GDP,"Government deficit/surplus, debt and associated data",ESTAT,2026-04-22T11:00:00+0200
SWE,SE,2012,38.1,PC_GDP,"Government deficit/surplus, debt and associated data",ESTAT,2026-04-22T11:00:00+0200
SWE,SE,2013,41.2,PC_GDP,"Government deficit/surplus, debt and associated data",ESTAT,2026-04-22T11:00:00+0200
SWE,SE,2014,46.1,PC_GDP,"Government deficit/surplus, debt and associated data",ESTAT,2026-04-22T11:00:00+0200
SWE,SE,2015,44.8,PC_GDP,"Government deficit/surplus, debt and associated data",ESTAT,2026-04-22T11:00:00+0200
SWE,SE,2016,43.2,PC_GDP,"Government deficit/surplus, debt and associated data",ESTAT,2026-04-22T11:00:00+0200
SWE,SE,2017,41.9,PC_GDP,"Government deficit/surplus, debt and associated data",ESTAT,2026-04-22T11:00:00+0200
SWE,SE,2018,40.2,PC_GDP,"Government deficit/surplus, debt and associated data",ESTAT,2026-04-22T11:00:00+0200
SWE,SE,2019,36.0,PC_GDP,"Government deficit/surplus, debt and associated data",ESTAT,2026-04-22T11:00:00+0200
SWE,SE,2020,40.5,PC_GDP,"Government deficit/surplus, debt and associated data",ESTAT,2026-04-22T11:00:00+0200
SWE,SE,2021,37.2,PC_GDP,"Government deficit/surplus, debt and associated data",ESTAT,2026-04-22T11:00:00+0200
SWE,SE,2022,34.4,PC_GDP,"Government deficit/surplus, debt and associated data",ESTAT,2026-04-22T11:00:00+0200
SWE,SE,2023,32.2,PC_GDP,"Government deficit/surplus, debt and associated data",ESTAT,2026-04-22T11:00:00+0200
SWE,SE,2024,34.2,PC_GDP,"Government deficit/surplus, debt and associated data",ESTAT,2026-04-22T11:00:00+0200
SWE,SE,2025,35.1,PC_GDP,"Government deficit/surplus, debt and associated data",ESTAT,2026-04-22T11:00:00+0200
